;;;;;;;;;;;;;;;;;;ACR - observers;;;;;;;;;;;;;;;;;;;;;;;;;;;;;;;;;;;;;;;;;;;;;;;;;;;;
Name of videosequence;1;2;3;4;5;6;7;8;9;10;11;12;13;14;15;16;17;18;19;20;21;22;23;24;25;26;27;28;29;30;31;32;33;34;35;36;37;38;39;40;41;42;43;44;45;46;47;48;49;50;51;52;53;54;55;56;57;58;59;60;;SSIM;VMAF;MEAN;Standard deviation;Coefficient of variation;Fair to better;;non-empty cells;MOS ? 3
Campfire FHD 10 Mbit/H264;NOTE: Subjective evaluation of references is available in second spreadsheet.;;;;;;;;;;;;;;;;;;;;;;;;;;;;;;;;;;;;;;;;;;;;;;;;;;;;;;;;;;;;;;;;;;;;;
CampfireFHD10_0_1;3;3;3;3;3;3;3;3;3;2;3;2;3;3;3;3;3;3;3;3;3;3;3;2;3;2;3;3;3;3;2;3;3;3;3;3;3;3;3;2;3;3;3;3;3;2;3;3;3;2;3;3;3;3;3;3;3;3;3;3;;0.971;97.2;2.867;0.3428;11.96%;87%;;60;52
CampfireFHD10_0_2;3;2;3;3;3;2;2;2;3;2;3;2;3;3;2;2;3;2;2;2;2;2;2;3;3;2;3;3;2;2;2;2;2;2;3;2;2;2;3;2;3;2;3;3;2;2;3;2;2;3;3;2;2;3;3;2;2;3;3;2;;0.975;92.67;2.417;0.4972;20.57%;42%;;60;25
CampfireFHD10_0_3;3;2;2;2;3;3;2;2;2;3;3;2;2;2;2;2;2;2;2;2;2;2;2;2;2;2;2;2;2;3;3;2;2;2;3;3;2;2;2;3;3;2;2;2;2;2;2;2;2;2;2;2;2;2;2;2;2;2;2;3;;0.961;65.19;2.2;0.4034;18.34%;20%;;60;12
CampfireFHD10_0_5;2;2;2;2;2;3;3;2;2;1;2;1;3;2;2;2;2;2;2;1;2;3;2;2;2;2;2;2;2;2;2;2;2;2;2;2;2;2;2;3;3;1;2;2;2;2;2;1;1;2;2;2;2;2;2;2;2;2;2;2;;0.945;31.4;2;0.451;22.55%;10%;;60;6
CampfireFHD10_0_75;1;1;2;2;2;2;2;2;2;2;2;2;1;1;1;1;2;2;2;1;2;2;2;2;2;2;2;1;1;2;1;1;2;2;2;2;2;2;2;2;2;2;1;1;1;1;2;2;2;1;2;2;2;2;2;2;2;1;1;2;;0.92;30.37;1.7;0.4621;27.18%;0%;;60;0
CampfireFHD10_1;1;2;1;1;1;2;2;1;1;1;2;1;2;1;1;1;2;1;1;1;2;2;2;1;2;1;1;1;2;1;1;2;1;1;1;2;2;1;1;1;2;1;2;1;1;1;2;1;1;1;2;2;2;1;2;1;1;1;2;1;;0.904;30.4;1.367;0.486;35.56%;0%;;60;0
Campfire FHD 15 Mbit/H264;;;;;;;;;;;;;;;;;;;;;;;;;;;;;;;;;;;;;;;;;;;;;;;;;;;;;;;;;;;;;;;;;;;;;;
CampfireFHD15_0_1;3;4;3;3;3;4;3;3;3;3;3;3;3;3;3;3;3;3;3;3;3;3;3;3;3;3;3;3;3;3;3;4;4;3;3;4;3;3;3;3;3;3;3;3;3;3;3;3;3;4;3;3;3;3;3;3;4;3;3;3;;0.985;94.94;3.117;0.3237;10.39%;100%;;60;60
CampfireFHD15_0_2;2;3;3;3;3;3;3;2;2;2;2;2;2;3;3;3;2;3;3;3;2;3;2;2;2;3;3;3;3;2;2;2;2;2;3;2;3;2;2;3;3;3;2;2;3;3;2;3;3;2;2;2;2;3;3;3;2;2;3;3;;0.945;48.69;2.517;0.5039;20.02%;52%;;60;31
CampfireFHD15_0_3;2;2;3;3;2;2;2;2;2;2;2;2;2;2;3;3;3;3;3;3;2;2;2;2;2;2;2;2;2;2;3;2;3;3;3;2;2;3;3;3;3;2;2;2;3;3;3;2;2;2;3;3;2;2;2;2;3;3;3;2;;0.937;43.93;2.4;0.494;20.58%;40%;;60;24
CampfireFHD15_0_5;2;2;2;2;3;2;2;2;2;2;2;1;1;1;1;1;2;1;1;1;2;2;2;2;2;1;2;2;1;2;2;2;2;2;3;2;2;2;2;2;2;1;1;1;1;1;2;1;1;1;2;2;2;2;2;1;2;2;1;2;;0.89;42.75;1.7;0.5304;31.20%;3%;;60;2
CampfireFHD15_0_75;2;2;2;2;2;2;2;2;2;2;1;1;2;2;1;2;3;1;2;1;2;1;2;1;1;1;1;1;1;2;2;2;2;2;2;2;2;1;1;2;1;1;2;2;1;2;2;2;1;1;2;2;2;1;1;1;1;1;1;2;;0.884;37.86;1.6;0.5272;32.95%;2%;;60;1
CampfireFHD15_1;1;1;1;2;2;2;2;2;2;1;2;1;1;1;2;1;2;1;2;1;1;1;1;1;1;1;1;1;1;1;1;1;1;2;2;2;2;2;2;1;2;1;1;1;2;1;2;1;2;1;1;1;1;1;1;1;1;1;1;1;;0.861;30.29;1.333;0.4754;35.65%;0%;;60;0
Campfire FHD 5 Mbit/H264;;;;;;;;;;;;;;;;;;;;;;;;;;;;;;;;;;;;;;;;;;;;;;;;;;;;;;;;;;;;;;;;;;;;;;
CampfireFHD5_0_1;3;4;3;4;3;3;3;3;3;3;3;3;3;3;4;3;3;3;2;3;3;3;3;3;3;3;3;3;3;3;3;4;3;4;3;3;4;3;3;3;3;3;3;3;4;3;3;3;3;3;3;3;3;3;4;3;3;3;3;3;;0.985;96.06;3.117;0.3724;11.95%;98%;;60;59
CampfireFHD5_0_2;3;3;3;3;4;3;4;4;3;3;3;3;3;3;3;3;3;3;3;2;3;2;3;2;2;2;2;3;2;2;3;3;3;4;4;3;4;3;3;3;3;3;3;3;3;3;3;3;3;2;3;2;3;3;3;3;2;3;3;2;;0.981;95.18;2.9;0.5431;18.73%;80%;;60;48
CampfireFHD5_0_3;3;4;4;4;3;3;3;3;3;3;3;2;3;3;3;3;3;3;3;2;2;2;3;3;3;3;2;3;2;3;3;3;3;3;3;3;4;3;3;3;3;2;3;3;3;3;3;3;2;2;2;3;3;3;3;3;2;3;2;2;;0.978;94.46;2.85;0.515;18.07%;78%;;60;47
CampfireFHD5_0_5;2;3;3;3;2;2;2;2;2;2;2;2;1;2;2;2;2;3;3;2;2;2;3;2;2;2;1;2;1;2;2;3;3;3;2;2;2;2;2;2;2;1;1;2;2;2;2;3;3;2;2;2;3;2;2;2;1;2;1;2;;0.964;87;2.083;0.5612;26.94%;20%;;60;12
CampfireFHD5_0_75;1;2;2;2;2;2;2;2;2;2;2;2;2;2;3;2;2;3;2;2;2;3;2;2;2;2;2;2;2;2;1;2;1;2;2;2;2;3;2;2;3;2;2;2;3;2;2;3;3;3;2;2;2;2;2;1;1;2;2;2;;0.959;32.35;2.067;0.4825;23.34%;15%;;60;9
CampfireFHD5_1;2;2;2;2;1;1;2;2;2;2;2;2;1;1;2;2;1;2;2;2;2;2;2;1;2;1;1;1;1;2;2;2;2;2;1;1;2;2;2;2;2;2;2;2;2;2;1;2;2;2;2;2;2;1;2;1;1;1;1;1;;0.922;31.63;1.683;0.4691;27.87%;0%;;60;0
Campfire HD 10 Mbit/H264;;;;;;;;;;;;;;;;;;;;;;;;;;;;;;;;;;;;;;;;;;;;;;;;;;;;;;;;;;;;;;;;;;;;;;
CampfireHD10_0_1;4;4;4;4;4;4;4;4;4;3;4;4;4;3;3;4;4;5;5;3;4;4;4;5;4;4;4;5;4;5;5;4;4;4;4;4;4;4;4;4;4;4;5;4;4;4;5;4;5;5;4;4;3;3;4;4;5;5;3;4;;0.987;98.2;4.083;0.5612;13.74%;100%;;60;60
CampfireHD10_0_2          ;5;4;4;4;5;5;5;3;5;3;3;3;3;3;3;3;3;3;3;4;3;4;3;3;4;3;3;3;3;3;5;4;4;4;5;5;5;3;5;3;3;4;3;3;4;3;3;3;3;3;3;3;3;3;3;3;3;3;3;4;;0.97306;83.04;3.533;0.7695;21.78%;100%;;60;60
CampfireHD10_0_3;3;3;3;3;3;3;3;3;3;3;3;3;3;3;3;3;3;3;3;3;3;3;4;3;2;3;3;3;4;3;3;3;3;3;3;3;3;3;3;3;3;3;3;4;3;2;3;3;3;4;3;3;3;3;3;3;3;3;3;3;;0.92717;75.912;3.033;0.3171;10.45%;97%;;60;58
CampfireHD10_0_5         ;4;3;3;3;3;3;4;3;2;3;3;2;2;3;3;4;2;2;3;3;3;3;3;3;3;3;3;3;3;4;3;4;3;3;3;3;3;3;3;2;3;3;4;4;3;3;3;3;3;3;4;3;2;2;3;3;3;2;2;3;;0.90666;59.73;2.967;0.5513;18.58%;83%;;60;50
CampfireHD10_0_75  ;2;2;3;2;1;2;2;3;2;2;3;2;2;3;3;2;2;2;2;2;2;2;2;2;2;2;2;3;2;3;3;3;3;2;2;2;2;3;2;2;2;2;2;2;2;2;2;2;3;2;3;3;2;2;3;2;2;2;2;1;;0.8874;58.54;2.217;0.4903;22.12%;25%;;60;15
CampfireHD10_1;2;1;1;3;1;1;1;1;2;2;1;1;1;2;1;2;3;1;1;2;2;1;1;1;2;1;1;2;1;2;1;2;1;2;2;1;1;1;2;1;1;2;2;1;2;2;1;2;2;1;2;2;2;1;2;1;2;2;2;1;;0.88612;25.69;1.517;0.5672;37.40%;3%;;60;2
Campfire HD 15 Mbit/H264;;;;;;;;;;;;;;;;;;;;;;;;;;;;;;;;;;;;;;;;;;;;;;;;;;;;;;;;;;;;;;;;;;;;;;
CampfireHD15_0_1;5;5;5;4;4;4;5;3;4;4;4;4;4;4;4;5;4;4;5;5;4;5;5;4;4;4;4;3;4;4;5;5;5;4;4;4;5;3;4;4;4;5;5;4;4;4;4;3;4;4;4;4;4;4;4;5;4;4;5;5;;0.94442;94.67;4.233;0.5635;13.31%;100%;;60;60
CampfireHD15_0_2;4;3;3;4;4;4;5;4;5;3;3;3;4;3;3;4;3;3;3;3;3;4;4;4;4;4;4;3;3;4;4;3;4;4;4;4;4;4;4;4;3;3;4;4;4;4;4;3;3;4;3;3;4;3;3;4;4;3;3;3;;0.91292;89.31;3.6;0.5584;15.51%;100%;;60;60
CampfireHD15_0_3;4;4;3;3;3;2;3;4;2;3;3;2;2;2;2;3;3;3;3;4;3;4;3;2;3;3;3;2;3;3;4;4;3;3;3;2;3;4;2;3;3;4;3;2;3;3;3;2;3;3;3;2;2;2;2;3;3;3;3;4;;0.90442;73.24;2.9;0.6561;22.63%;73%;;60;44
CampfireHD15_0_5;3;2;3;3;2;3;3;3;3;2;3;3;3;3;3;3;2;2;2;2;2;2;2;3;3;3;3;3;2;2;3;3;3;3;2;3;3;3;3;2;2;2;3;3;3;3;3;3;2;2;3;3;3;3;3;3;2;2;2;3;;0.86943;66.37;2.65;0.481;18.15%;65%;;60;39
CampfireHD15_0_75;3;2;2;3;3;3;3;2;3;2;2;2;3;3;3;3;3;2;2;2;2;2;3;3;2;3;2;2;2;2;3;2;2;3;3;2;3;2;3;2;2;2;3;3;2;3;2;3;2;2;2;2;3;3;3;2;3;2;2;3;;0.81258;61.23;2.467;0.5031;20.40%;47%;;60;28
CampfireHD15_1;3;2;2;2;2;2;2;3;2;2;2;2;2;2;2;2;1;2;2;2;2;3;2;2;2;2;2;2;2;2;3;2;2;2;2;2;2;2;2;2;2;2;2;2;2;2;2;3;2;2;2;2;2;2;2;2;2;2;2;2;;0.76829;48.22;2.067;0.3117;15.08%;8%;;60;5
Campfire HD 5 Mbit/H264;;;;;;;;;;;;;;;;;;;;;;;;;;;;;;;;;;;;;;;;;;;;;;;;;;;;;;;;;;;;;;;;;;;;;;
CampfireHD5_0_1;4;3;4;4;4;4;4;5;5;5;5;4;5;3;4;3;3;4;4;4;4;4;4;5;4;4;4;4;4;3;3;4;4;5;4;4;4;4;4;3;4;3;4;4;4;4;4;5;5;5;5;4;5;3;4;3;3;4;4;4;;0.997;98.32;4.017;0.6241;15.54%;100%;;60;60
CampfireHD5_0_2;5;4;5;4;4;4;3;4;3;4;3;4;3;3;3;3;4;4;3;2;4;4;4;4;3;4;4;4;4;3;3;4;4;4;4;4;4;3;4;3;3;4;4;4;3;3;3;4;3;4;4;4;4;4;4;4;4;4;4;4;;0.995;97.44;3.7;0.5615;15.18%;98%;;60;59
CampfireHD5_0_3;3;3;3;4;4;4;3;3;3;3;3;3;4;3;4;3;3;4;4;4;4;4;4;3;3;4;4;4;4;3;3;4;3;4;3;3;4;4;4;4;3;3;4;3;4;3;3;4;4;4;3;3;3;4;4;4;3;3;4;3;;0.99124;95.67;3.5;0.5042;14.41%;100%;;60;60
CampfireHD5_0_5       ;3;3;3;3;4;3;3;3;3;3;3;3;3;3;3;4;3;3;4;3;3;4;3;3;3;3;3;3;3;3;3;3;3;3;3;4;4;3;3;3;3;3;3;3;3;3;4;3;3;4;3;3;4;3;3;3;3;3;3;3;;0.98466;94.03;3.15;0.3601;11.43%;100%;;60;60
CampfireHD5_0_75;3;4;3;3;3;3;4;4;4;3;3;4;4;3;3;2;3;3;3;3;3;3;3;3;3;3;3;3;3;3;3;3;3;3;3;3;3;3;3;3;3;4;3;3;3;3;4;4;4;3;3;3;3;3;3;2;3;3;3;3;;0.97447;87.97;3.133;0.4305;13.74%;97%;;60;58
CampfireHD5_1  ;3;3;2;3;3;3;3;3;3;3;3;3;3;3;3;3;3;2;2;3;3;3;3;3;3;3;3;3;3;3;3;3;3;3;3;3;2;3;3;3;3;3;2;3;3;3;3;3;3;3;3;3;3;3;3;3;3;2;2;3;;0.95926;85.66;2.883;0.3237;11.23%;88%;;60;53
Campfire UHD 10 Mbit/H264;;;;;;;;;;;;;;;;;;;;;;;;;;;;;;;;;;;;;;;;;;;;;;;;;;;;;;;;;;;;;;;;;;;;;;
CampfireUHD10_0_1;3;3;4;3;3;3;3;4;3;3;3;4;3;4;3;3;4;3;3;3;3;3;3;4;3;3;3;3;3;4;4;3;3;4;3;3;3;3;3;4;3;3;4;3;3;3;3;4;3;3;3;4;3;4;3;3;4;3;3;3;;0.99041;98.48;3.25;0.4367;13.44%;100%;;60;60
CampfireUHD10_0_2;4;3;3;3;3;3;3;3;4;2;2;3;3;3;4;3;3;4;4;3;3;4;3;3;3;3;3;3;3;3;3;4;3;3;3;3;3;3;3;3;4;3;3;3;3;3;3;3;3;3;3;3;3;3;3;3;3;4;4;3;;0.988123;97.81;3.133;0.4305;13.74%;97%;;60;58
CampfireUHD10_0_3;4;2;3;4;2;3;4;3;2;3;3;4;4;3;3;4;3;3;2;3;3;3;3;3;3;3;3;2;2;3;3;3;3;3;3;3;3;2;2;3;3;2;3;3;3;3;3;3;3;3;3;3;3;3;3;3;3;3;3;3;;0.92906;62.24;2.95;0.5017;17.01%;85%;;60;51
CampfireUHD10_0_5;3;3;3;3;2;3;3;3;3;3;3;3;3;2;2;2;1;1;2;3;3;3;3;3;3;3;3;3;3;2;2;3;3;3;3;3;3;3;3;2;3;3;3;3;3;3;3;3;3;3;3;3;3;2;2;2;2;2;2;3;;0.90352;60.76;2.7;0.5304;19.65%;73%;;60;44
CampfireUHD10_0_75;3;2;3;3;2;2;3;3;3;3;2;3;3;3;3;3;3;2;3;3;3;2;3;3;3;2;2;2;2;2;3;2;3;3;3;2;2;2;2;3;3;2;3;3;2;2;3;3;3;3;2;3;3;3;3;3;3;2;2;3;;0.90034;60.18;2.633;0.486;18.45%;63%;;60;38
CampfireUHD10_1;2;2;1;2;2;3;3;2;3;2;2;2;2;2;3;2;2;2;2;2;2;2;1;1;1;2;2;2;2;2;2;1;2;1;1;2;1;2;2;2;2;2;2;2;2;2;2;2;2;2;2;2;2;2;2;2;2;2;2;2;;0.88437;58.05;1.933;0.4459;23.07%;7%;;60;4
Campfire UHD 5 Mbit/H264;;;;;;;;;;;;;;;;;;;;;;;;;;;;;;;;;;;;;;;;;;;;;;;;;;;;;;;;;;;;;;;;;;;;;;
CampfireUHD5_0_1;3;3;2;3;2;3;4;3;3;3;2;2;3;3;2;3;2;2;2;3;3;3;3;3;2;3;3;2;2;2;3;2;3;3;3;2;3;2;2;2;3;3;3;3;2;3;3;3;3;3;2;2;3;3;3;3;2;2;2;2;;0.99291;97.26;2.617;0.5237;20.02%;60%;;60;36
CampfireUHD5_0_2;3;3;3;3;3;3;3;3;2;2;2;2;3;2;3;1;1;3;3;3;3;2;3;2;3;2;2;3;3;2;2;3;3;2;2;2;2;3;3;2;3;3;2;3;3;2;2;2;2;3;2;2;3;1;2;2;2;2;2;2;;0.99088;96.5;2.417;0.5907;24.44%;47%;;60;28
CampfireUHD5_0_3;1;2;2;2;2;1;1;2;2;2;1;2;2;2;2;2;2;2;2;2;1;2;1;1;2;2;1;1;2;1;1;2;1;1;2;2;1;1;2;1;1;2;2;2;2;1;1;2;2;2;1;2;2;2;2;2;2;2;2;2;;0.9821;93.58;1.667;0.4754;28.52%;0%;;60;0
CampfireUHD5_0_5;2;1;1;2;2;2;2;2;2;1;1;1;2;1;1;2;1;1;1;1;1;1;1;1;2;2;1;2;2;1;1;1;1;1;2;2;1;2;2;2;2;1;2;2;2;2;2;1;2;1;1;1;2;1;1;2;1;1;1;1;;0.96412;89.38;1.45;0.5017;34.60%;0%;;60;0
CampfireUHD5_0_75;2;2;2;1;1;1;2;1;2;1;1;1;2;1;2;2;1;1;1;1;1;1;1;1;2;1;1;1;2;1;1;1;1;1;2;1;1;1;2;1;2;2;2;1;1;1;2;1;2;1;1;1;2;1;1;2;1;1;1;1;;0.96256;88.74;1.317;0.4691;35.63%;0%;;60;0
CampfireUHD5_1;1;2;1;1;1;1;2;1;1;1;1;2;1;1;1;1;1;1;2;1;1;1;2;1;1;1;1;1;1;1;1;1;2;1;1;1;1;1;1;1;1;2;1;1;1;1;2;1;1;1;1;2;1;1;1;1;1;1;2;1;;0.94627;85.16;1.167;0.3758;32.21%;0%;;60;0
Campfire UHD 15 Mbit/H264;;;;;;;;;;;;;;;;;;;;;;;;;;;;;;;;;;;;;;;;;;;;;;;;;;;;;;;;;;;;;;;;;;;;;;
CampfireUHD15_0_1;2;2;2;3;2;2;3;3;2;3;3;3;3;2;3;2;2;3;3;3;2;3;3;3;2;2;3;2;3;3;2;3;3;3;2;3;2;2;3;3;3;2;2;3;2;2;3;3;2;3;3;3;3;2;3;2;2;3;3;3;;0.97171;93.81;2.583;0.4972;19.25%;58%;;60;35
CampfireUHD15_0_2;3;3;3;2;3;2;2;2;2;1;2;2;2;2;2;2;2;1;2;3;2;3;3;2;2;2;2;2;2;2;2;3;3;3;2;2;3;2;2;2;2;3;2;2;3;2;2;2;2;2;2;2;2;2;2;2;2;2;2;2;;0.90976;66.13;2.183;0.4691;21.49%;22%;;60;13
CampfireUHD15_0_3;2;3;2;2;2;3;2;2;2;1;2;2;1;1;1;3;2;2;3;2;2;2;3;3;3;2;2;2;2;2;2;2;3;3;3;2;2;2;2;2;2;3;2;2;2;3;2;2;2;1;2;2;1;2;2;2;2;2;2;2;;0.89397;65.21;2.1;0.5431;25.86%;20%;;60;12
CampfireUHD15_0_5;1;1;1;1;1;1;1;2;2;2;1;2;1;2;2;1;1;1;2;1;1;1;1;2;2;2;1;1;1;1;1;1;1;2;2;2;1;1;1;1;1;1;1;1;1;1;1;1;2;2;1;2;1;2;2;1;1;1;2;1;;0.86306;60.35;1.317;0.4691;35.63%;0%;;60;0
CampfireUHD15_0_75 ;1;1;2;1;1;2;1;1;1;1;1;1;1;1;3;1;1;1;2;1;1;1;1;1;2;1;1;2;2;1;1;1;1;1;2;1;1;2;2;1;1;1;2;1;1;2;1;1;1;1;1;1;1;1;2;1;1;1;2;1;;0.85311;59.46;1.25;0.4739;37.91%;2%;;60;1
CampfireUHD15_1;2;2;1;1;1;1;1;2;1;1;2;1;2;1;1;1;1;1;1;1;1;1;1;1;1;1;1;1;1;1;1;1;1;1;1;1;1;1;1;1;1;1;1;1;1;1;1;2;1;1;1;1;1;1;1;1;1;1;1;1;;0.8421;57.84;1.1;0.3025;27.50%;0%;;60;0
Campfire FHD 10 Mbit/H265 (HEVC);;;;;;;;;;;;;;;;;;;;;;;;;;;;;;;;;;;;;;;;;;;;;;;;;;;;;;;;;;;;;;;;;;;;;;
CampfireXFHD10_0_1;2;2;3;2;2;2;2;3;2;2;2;2;2;2;2;2;2;2;3;2;2;2;3;3;3;2;2;2;2;2;2;2;2;2;2;2;2;3;2;2;2;2;3;2;2;3;2;2;2;2;2;2;2;2;2;2;2;2;2;2;;0.96886;92.61;2.15;0.3601;16.75%;15%;;60;9
CampfireXFHD10_0_2;2;2;2;2;3;2;3;3;2;2;2;2;2;2;2;2;2;2;2;2;2;2;2;2;2;2;2;2;2;2;2;2;2;2;2;2;2;2;2;2;2;2;2;2;2;2;2;2;2;2;2;2;2;2;2;2;2;2;1;2;;0.94618;58.64;2.033;0.2582;12.70%;5%;;60;3
CampfireXFHD10_0_3;2;2;2;2;2;1;1;1;2;1;1;2;1;1;2;1;2;2;2;1;1;1;1;1;1;2;1;2;1;1;2;2;2;2;2;1;1;1;2;1;1;2;1;1;2;1;2;2;2;1;1;1;1;1;2;2;1;2;1;1;;0.93739;54.88;1.45;0.5017;34.60%;0%;;60;0
CampfireXFHD10_0_5;2;2;1;2;1;1;1;1;1;1;1;1;1;1;1;1;1;1;1;1;1;1;1;1;1;1;1;2;1;2;2;2;1;2;1;1;1;1;1;1;1;1;1;1;1;1;1;1;1;1;1;1;1;1;1;1;1;2;1;2;;0.90655;50.69;1.167;0.3758;32.21%;0%;;60;0
CampfireXFHD10_0_75;1;1;2;1;1;1;1;1;1;2;1;1;1;1;2;1;1;1;1;1;1;1;1;1;1;1;1;2;1;2;1;1;2;1;1;1;1;1;1;2;1;1;1;1;2;1;1;1;1;1;1;1;1;1;1;1;1;2;1;2;;0.8869;48.29;1.167;0.3758;32.21%;0%;;60;0
CampfireXFHD10_1;1;2;1;2;1;1;1;1;1;1;1;1;1;1;2;1;1;2;2;1;1;2;1;1;1;1;1;1;1;1;1;2;1;2;1;1;1;1;1;1;1;1;1;1;2;1;1;2;2;1;1;2;1;1;1;1;1;1;1;1;;0.85977;45.68;1.2;0.4034;33.61%;0%;;60;0
Campfire FHD 15 Mbit/H265 (HEVC);;;;;;;;;;;;;;;;;;;;;;;;;;;;;;;;;;;;;;;;;;;;;;;;;;;;;;;;;;;;;;;;;;;;;;
CampfireXFHD15_0_1;2;2;2;2;2;3;2;2;3;2;2;2;3;2;3;2;2;2;2;2;2;3;3;2;2;2;2;2;2;2;2;1;1;3;2;2;2;2;3;2;2;2;2;2;2;2;2;2;2;2;3;2;2;2;2;3;1;2;2;2;;0.96753;90.47;2.117;0.4544;21.47%;17%;;60;10
CampfireXFHD15_0_2;2;1;2;2;2;3;2;2;3;3;3;2;2;2;3;2;3;3;2;2;1;2;2;2;2;2;2;1;1;2;2;2;2;2;2;3;2;2;2;3;2;2;2;2;3;2;3;3;2;2;1;2;2;2;1;2;2;1;1;2;;0.96659;89.17;2.067;0.5783;27.98%;20%;;60;12
CampfireXFHD15_0_3;1;1;1;2;2;2;2;1;1;2;2;2;1;1;2;1;2;2;2;1;1;2;1;2;1;1;1;1;2;1;1;1;1;2;2;2;2;1;1;2;2;2;1;1;2;1;2;2;2;1;1;2;1;2;1;1;1;1;2;1;;0.93354;82.72;1.467;0.5031;34.30%;0%;;60;0
CampfireXFHD15_0_5;1;1;2;1;1;1;1;1;1;1;1;1;2;1;1;1;1;2;2;1;1;2;1;2;1;1;1;1;1;1;1;1;2;1;1;1;1;1;1;1;1;1;2;1;1;1;1;2;2;1;1;2;1;2;1;1;1;1;1;1;;0.89813;70.59;1.2;0.4034;33.61%;0%;;60;0
CampfireXFHD15_0_75;2;1;1;1;1;2;2;1;2;2;1;1;1;1;1;1;1;2;1;1;1;1;1;1;1;1;1;1;1;1;2;1;1;1;1;2;2;1;2;2;1;1;1;1;1;1;1;2;1;1;1;1;1;1;1;1;1;1;1;1;;0.87339;27.22;1.2;0.4034;33.61%;0%;;60;0
CampfireXFHD15_1;2;1;1;1;1;1;1;1;1;1;1;1;1;1;1;1;1;1;1;1;1;1;1;1;1;1;1;1;1;1;2;1;1;1;1;1;1;1;1;1;1;1;1;1;1;1;1;1;1;1;1;1;1;1;1;1;1;1;1;1;;0.80862;23.75;1.033;0.181;17.52%;0%;;60;0
Campfire FHD 5 Mbit/H265 (HEVC);;;;;;;;;;;;;;;;;;;;;;;;;;;;;;;;;;;;;;;;;;;;;;;;;;;;;;;;;;;;;;;;;;;;;;
CampfireXFHD5_0_1;3;3;3;3;3;3;3;3;3;3;3;3;3;3;3;3;3;3;3;3;2;3;2;3;3;3;2;3;2;3;2;2;3;3;3;3;3;3;3;3;3;3;3;3;2;2;3;3;3;3;3;3;2;3;3;2;3;3;2;3;;0.99029;96.53;2.817;0.3902;13.85%;82%;;60;49
CampfireXFHD5_0_2;2;2;3;3;3;3;3;3;3;3;2;2;2;2;2;2;2;2;2;2;3;3;2;2;2;2;2;2;2;2;2;2;3;3;3;3;3;3;3;3;2;2;2;2;2;2;2;2;2;2;3;3;2;2;2;2;2;2;2;2;;0.97517;95.32;2.333;0.4754;20.37%;33%;;60;20
CampfireXFHD5_0_3;1;2;1;2;1;2;2;2;1;2;2;1;2;1;1;1;2;2;1;2;1;1;1;1;1;2;2;2;2;1;1;2;1;2;1;2;2;2;1;2;2;1;2;1;1;1;2;2;1;2;1;1;1;1;1;2;2;2;2;1;;0.9227;82.59;1.5;0.5042;33.61%;0%;;60;0
CampfireXFHD5_0_5;2;1;1;2;2;1;2;1;1;1;1;1;1;1;1;1;1;1;1;1;2;2;1;2;1;1;1;1;2;1;2;1;1;2;2;1;2;1;1;1;1;1;1;1;1;1;1;1;1;1;2;2;1;2;1;1;1;1;2;1;;0.91396;40.18;1.267;0.4459;35.21%;0%;;60;0
CampfireXFHD5_0_75;2;1;1;2;1;1;1;1;1;2;1;1;1;1;1;1;1;1;1;1;1;2;1;1;1;1;1;1;1;1;2;1;1;3;1;1;1;1;1;2;1;1;1;1;1;1;1;1;1;1;1;2;1;1;1;1;1;1;1;1;;0.90515;38.44;1.15;0.4044;35.17%;2%;;60;1
CampfireXFHD5_1;2;1;1;2;1;1;1;1;1;1;1;1;1;1;1;1;1;1;1;1;1;1;1;2;1;1;1;1;1;1;2;1;1;2;1;1;1;1;1;1;1;1;1;1;1;1;1;1;1;1;1;1;1;2;1;1;1;1;1;1;;0.88146;37.19;1.1;0.3025;27.50%;0%;;60;0
Campfire HD 10 Mbit/H265 (HEVC);;;;;;;;;;;;;;;;;;;;;;;;;;;;;;;;;;;;;;;;;;;;;;;;;;;;;;;;;;;;;;;;;;;;;;
CampfireXHD10_0_1;4;4;3;3;3;3;3;3;3;3;3;4;4;4;4;4;3;3;3;3;3;3;3;3;3;3;3;3;3;3;3;3;3;3;3;3;3;3;3;3;4;4;3;3;3;3;3;3;3;3;3;4;4;4;4;4;3;3;3;3;;0.96452;63.37;3.233;0.4265;13.19%;100%;;60;60
CampfireXHD10_0_2;3;3;3;3;3;4;3;3;4;3;4;4;4;2;4;3;2;3;3;3;3;3;3;3;3;3;3;3;3;3;3;3;3;3;3;3;3;3;3;3;3;3;3;3;3;4;3;3;4;3;4;4;3;3;3;3;2;3;3;3;;0.93799;60.75;3.117;0.4544;14.58%;95%;;60;57
CampfireXHD10_0_3    ;4;3;3;2;2;2;3;3;3;3;3;3;2;3;2;2;3;2;3;3;2;3;3;2;2;3;3;3;3;3;2;3;3;2;2;3;3;3;3;3;3;3;3;2;3;2;3;3;3;3;3;3;2;3;2;2;3;2;3;3;;0.91834;58.89;2.7;0.4975;18.42%;68%;;60;41
CampfireXHD10_0_5;2;2;2;2;2;2;2;2;3;2;2;2;2;2;2;1;2;1;2;2;2;2;1;3;2;2;2;2;2;1;2;2;1;3;2;2;2;2;2;1;2;2;2;2;2;2;2;2;3;2;2;2;2;2;2;1;2;1;2;2;;0.87363;53.67;1.933;0.4459;23.07%;7%;;60;4
CampfireXHD10_0_75;2;2;1;3;2;2;3;3;1;3;1;1;2;1;1;2;2;1;2;1;1;2;2;2;1;2;1;1;2;2;1;2;2;2;2;2;1;1;2;2;2;2;1;2;2;2;2;2;2;2;1;1;2;1;2;2;2;1;2;2;;0.85253;51.5;1.733;0.5783;33.37%;7%;;60;4
CampfireXHD10_1;2;1;1;2;2;2;3;2;2;2;1;1;1;2;1;1;1;1;1;1;1;1;1;1;1;2;2;1;2;1;1;1;1;1;1;2;2;1;2;1;2;1;1;2;2;2;2;2;2;2;1;1;1;2;1;1;1;1;1;1;;0.7718;24.26;1.417;0.5302;37.42%;2%;;60;1
Campfire HD 15 Mbit/H265 (HEVC);;;;;;;;;;;;;;;;;;;;;;;;;;;;;;;;;;;;;;;;;;;;;;;;;;;;;;;;;;;;;;;;;;;;;;
CampfireXHD15_0_1  ;3;3;2;3;2;1;3;3;2;2;2;2;3;3;3;3;3;2;2;3;3;2;3;2;2;3;2;3;2;3;3;3;2;2;3;2;3;2;3;3;3;3;2;3;2;2;3;3;2;2;2;2;3;3;3;3;3;2;2;3;;0.92134;88.83;2.533;0.5357;21.15%;55%;;60;33
CampfireXHD15_0_2;3;3;2;1;2;2;3;3;2;2;2;3;3;3;3;3;3;1;3;3;2;2;2;2;2;2;2;2;2;2;3;2;2;2;2;2;2;2;2;3;3;3;2;2;3;2;3;3;2;2;2;3;3;3;3;3;3;2;3;3;;0.91934;80.03;2.417;0.5612;23.22%;45%;;60;27
CampfireXHD15_0_3;1;3;3;2;1;2;2;2;2;2;2;1;2;2;3;3;2;2;3;3;2;2;1;2;3;1;2;2;1;2;2;1;2;3;2;2;2;2;2;2;1;3;3;2;1;2;2;2;2;2;2;1;2;2;3;3;2;2;3;3;;0.90156;75.86;2.067;0.6342;30.69%;23%;;60;14
CampfireXHD15_0_5;3;1;1;3;2;2;1;1;2;1;1;1;1;1;1;1;1;1;2;1;2;1;1;1;1;2;2;2;2;2;2;1;1;1;2;2;2;2;2;2;2;1;1;2;2;2;1;1;2;1;1;1;1;1;1;1;1;1;2;1;;0.76035;69.47;1.45;0.5652;38.98%;3%;;60;2
CampfireXHD15_0_75;2;2;1;1;1;1;2;1;1;2;1;2;2;2;1;2;1;1;1;1;1;1;1;1;1;1;1;1;1;1;1;1;1;1;1;1;1;1;1;1;2;2;1;1;1;1;2;1;1;2;1;2;2;2;1;2;1;1;1;1;;0.75393;58.58;1.267;0.4459;35.21%;0%;;60;0
CampfireXHD15_1;1;2;1;1;1;1;1;1;1;1;1;2;1;1;1;1;1;1;2;2;1;2;1;1;1;2;2;1;2;1;1;1;1;1;2;2;1;2;1;1;1;2;1;1;1;1;1;1;1;1;1;2;1;1;1;1;1;1;2;1;;0.73362;46.53;1.233;0.4265;34.58%;0%;;60;0
Campfire HD 5 Mbit/H265 (HEVC);;;;;;;;;;;;;;;;;;;;;;;;;;;;;;;;;;;;;;;;;;;;;;;;;;;;;;;;;;;;;;;;;;;;;;
CampfireXHD5_0_1;3;3;3;3;4;3;3;3;4;3;3;3;3;3;3;3;3;3;3;3;3;3;2;3;3;3;3;3;3;3;3;3;3;3;3;3;3;3;3;3;3;3;3;3;4;3;3;3;4;3;3;3;3;3;3;3;3;3;3;3;;0.98671;95.89;3.5;0.2867;9.40%;98%;;60;59
CampfireXHD5_0_2;4;4;2;3;3;3;3;3;3;3;4;3;3;4;3;4;3;4;3;3;4;2;2;2;3;3;3;3;2;3;4;2;2;2;3;3;3;3;3;3;4;4;3;3;3;3;3;3;3;3;4;3;3;4;3;4;3;4;3;3;;0.97795;95.17;3.1;0.6023;19.43%;87%;;60;52
CampfireXHD5_0_3;2;3;1;2;1;1;3;2;2;3;2;3;3;3;3;3;3;2;2;3;3;3;2;2;3;2;2;2;3;3;3;3;2;2;3;2;2;2;3;3;2;3;1;2;2;2;3;2;2;3;2;3;3;3;3;3;3;2;2;3;;0.86427;44;2.433;0.6207;25.51%;50%;;60;30
CampfireXHD5_0_5;3;2;2;1;1;1;2;2;3;2;1;1;2;2;2;2;1;2;2;2;2;2;2;2;2;2;2;2;1;1;2;2;2;2;2;2;2;2;1;1;3;2;2;1;1;1;2;2;2;2;2;1;2;2;2;2;1;2;2;2;;0.889;21.36;1.8;0.5142;28.57%;5%;;60;3
CampfireXHD5_0_75;2;2;1;2;2;2;1;2;1;2;1;1;1;1;1;1;2;1;1;2;1;2;2;1;1;2;1;1;2;2;1;2;2;1;1;2;1;1;2;2;2;2;1;2;2;2;1;2;1;2;1;1;1;1;1;1;2;1;1;2;;0.83725;21.9;1.467;0.5031;34.30%;0%;;60;0
CampfireXHD5_1;2;2;2;1;1;1;2;2;2;1;1;1;1;1;2;1;2;1;1;2;1;1;1;1;1;1;1;2;1;1;1;1;1;1;1;1;1;2;1;1;2;2;2;1;1;1;2;2;2;1;1;1;1;1;2;1;2;1;1;2;;0.80873;19.6;1.333;0.4754;35.65%;0%;;60;0
Campfire UHD 10 Mbit/H265 (HEVC);;;;;;;;;;;;;;;;;;;;;;;;;;;;;;;;;;;;;;;;;;;;;;;;;;;;;;;;;;;;;;;;;;;;;;
CampfireXUHD10_0_1;4;3;3;3;3;3;3;3;3;3;3;3;4;3;3;4;3;3;3;3;3;3;3;3;3;4;3;3;3;3;3;3;3;3;3;4;3;3;3;3;4;3;3;3;3;3;4;3;4;3;3;4;4;3;4;4;3;3;3;3;;0.98425;95.51;3.2;0.4034;12.61%;100%;;60;60
CampfireXUHD10_0_2;3;3;3;3;3;3;4;3;4;3;3;4;4;3;4;3;2;3;3;3;3;2;2;3;3;3;3;3;2;3;3;3;2;3;3;3;3;3;2;3;3;3;3;3;3;3;3;3;3;3;3;3;4;3;3;3;3;3;3;3;;0.98106;95.68;3;0.451;15.03%;90%;;60;54
CampfireXUHD10_0_3;2;3;3;3;3;3;3;3;3;3;3;3;2;3;3;2;1;2;3;2;2;3;2;2;2;2;2;3;3;3;2;2;2;2;2;2;2;3;3;3;2;3;3;3;3;3;3;3;3;3;3;3;2;3;3;2;2;2;3;3;;0.91927;62.12;2.583;0.5302;20.52%;60%;;60;36
CampfireXUHD10_0_5;1;2;1;1;1;1;2;2;1;2;2;2;2;3;3;2;2;2;1;2;2;2;2;2;2;2;2;2;2;2;2;2;2;1;2;2;2;2;2;2;2;2;1;1;1;2;2;2;1;2;2;2;2;2;2;2;2;2;2;2;;0.86211;58.88;1.833;0.4572;24.94%;3%;;60;2
CampfireXUHD10_0_75;2;3;1;2;2;1;3;1;3;2;2;1;2;1;1;3;1;1;1;1;2;2;2;2;1;2;2;2;2;2;2;2;2;2;1;2;2;2;2;2;2;2;1;2;2;1;2;1;2;2;2;1;2;1;1;2;1;1;1;1;;0.85503;58.47;1.7;0.5909;34.76%;7%;;60;4
CampfireXUHD10_1;2;2;2;1;2;1;2;1;1;2;1;2;2;2;1;2;1;1;2;1;1;1;1;1;1;1;1;1;1;2;1;1;1;1;1;1;1;1;1;2;2;2;2;1;2;1;2;1;1;2;1;2;2;2;1;2;1;1;2;1;;0.83583;57.68;1.4;0.494;35.29%;0%;;60;0
Campfire UHD 15 Mbit/H265 (HEVC);;;;;;;;;;;;;;;;;;;;;;;;;;;;;;;;;;;;;;;;;;;;;;;;;;;;;;;;;;;;;;;;;;;;;;
CampfireXUHD15_0_1;3;3;3;4;4;3;3;3;3;3;3;3;4;3;3;3;3;2;2;3;3;3;3;3;2;3;3;3;3;3;2;2;3;3;3;3;3;3;3;3;3;3;3;3;3;3;3;3;3;3;3;3;3;3;3;3;3;3;3;3;;0.9792;94.23;2.967;0.3667;12.36%;92%;;60;55
CampfireXUHD15_0_2;3;2;2;2;2;2;3;3;3;3;2;2;2;3;2;3;2;3;3;2;3;3;2;3;3;2;3;3;2;3;2;2;2;3;3;2;3;3;2;3;3;2;2;2;2;2;3;3;3;3;3;2;2;3;2;3;3;3;3;2;;0.9619;93.44;2.533;0.5031;19.86%;53%;;60;32
CampfireXUHD15_0_3;2;3;2;2;2;2;3;3;3;3;2;3;2;2;2;3;2;2;3;2;2;2;2;3;3;3;3;2;2;2;2;2;2;3;3;3;3;2;3;2;2;3;2;2;2;2;3;3;3;3;2;3;2;2;2;3;2;2;3;2;;0.95668;89.27;2.417;0.4972;20.57%;42%;;60;25
CampfireXUHD15_0_5;3;2;3;3;3;2;2;2;2;2;2;1;2;2;2;2;1;2;2;2;2;2;2;2;2;2;2;3;2;2;2;2;2;2;2;2;2;3;2;2;3;2;2;2;3;2;2;2;2;2;2;2;2;2;2;2;2;2;2;2;;0.89845;82.91;2.1;0.3992;19.01%;13%;;60;8
CampfireXUHD15_0_75;2;2;1;1;2;1;2;2;1;2;1;2;2;2;1;2;1;1;1;1;2;1;1;1;1;1;1;1;1;2;2;1;1;1;1;1;1;1;1;2;2;2;1;1;2;1;2;2;1;2;1;2;2;2;1;2;1;1;1;1;;0.82904;70.27;1.4;0.494;35.29%;0%;;60;0
CampfireXUHD15_1;1;1;1;1;1;1;1;1;1;1;2;1;1;1;1;1;1;1;1;1;1;1;2;1;1;1;1;1;1;1;1;1;2;1;1;1;1;1;1;1;1;1;1;1;1;1;1;1;1;1;2;1;1;1;1;1;1;1;1;1;;0.76388;57.15;1.067;0.2515;23.58%;0%;;60;0
Campfire UHD 5 Mbit/H265 (HEVC);;;;;;;;;;;;;;;;;;;;;;;;;;;;;;;;;;;;;;;;;;;;;;;;;;;;;;;;;;;;;;;;;;;;;;
CampfireXUHD5_0_1;3;3;4;4;5;4;4;3;3;4;3;3;4;3;5;3;3;3;4;4;3;4;4;3;4;4;3;4;4;4;3;4;4;3;4;4;3;4;4;4;3;3;4;4;5;4;4;3;3;4;3;3;4;3;5;3;3;3;4;4;;0.99147;98.39;3.633;0.6097;16.78%;100%;;60;60
CampfireXUHD5_0_2;3;3;3;3;3;3;3;2;3;3;2;3;3;3;3;3;3;3;3;3;2;2;2;3;3;2;2;2;2;3;2;2;2;2;3;2;2;2;2;3;3;3;3;3;3;2;3;3;3;3;3;3;3;3;3;3;3;3;3;3;;0.96611;91.16;2.7;0.4621;17.12%;70%;;60;42
CampfireXUHD5_0_3;3;3;2;2;2;1;2;3;3;2;2;3;3;3;3;3;3;3;3;3;3;3;2;2;2;2;2;2;2;3;3;3;2;2;2;2;2;2;2;3;3;3;2;2;2;2;2;3;3;2;2;3;3;3;3;3;3;3;3;3;;0.96294;91.75;2.517;0.5365;21.32%;53%;;60;32
CampfireXUHD5_0_5;3;2;1;3;2;2;3;2;3;2;1;2;3;2;2;2;1;1;2;2;1;1;1;2;2;2;2;2;2;2;2;1;1;1;2;2;3;3;2;3;3;2;2;2;2;2;3;2;2;2;2;2;3;2;2;2;2;2;2;2;;0.94174;87.97;2.017;0.5964;29.57%;18%;;60;11
CampfireXUHD5_0_75      ;2;3;3;2;2;1;1;3;3;2;2;2;1;2;2;2;1;2;1;1;3;2;2;2;2;2;2;2;2;2;2;2;2;2;1;2;2;2;2;2;2;2;2;2;2;1;2;2;2;2;2;2;2;2;2;2;2;2;1;1;;0.93215;85.88;1.917;0.4972;25.94%;8%;;60;5
CampfireXUHD5_1;2;2;1;1;1;1;1;1;2;2;2;2;1;1;2;1;2;2;2;2;1;1;1;2;2;2;1;1;1;1;1;1;1;2;2;2;1;1;1;1;2;2;1;1;1;1;1;1;2;2;2;2;1;1;2;1;2;2;2;2;;0.85315;62.42;1.467;0.5031;34.30%;0%;;60;0
Construction FHD 10 Mbit/H264;;;;;;;;;;;;;;;;;;;;;;;;;;;;;;;;;;;;;;;;;;;;;;;;;;;;;;;;;;;;;;;;;;;;;;
ConstructionFHD10_0_1;3;4;4;4;3;4;3;3;3;3;3;3;3;3;3;4;3;3;3;3;4;3;4;5;3;4;4;3;3;3;4;4;3;3;4;4;3;3;3;3;3;3;3;3;4;4;3;3;4;3;4;3;4;4;4;4;3;3;4;3;;0.98987;92.63;3.4;0.5272;15.51%;100%;;60;60
ConstructionFHD10_0_2;3;3;3;4;3;3;3;3;3;3;3;3;4;3;3;3;3;3;4;3;3;3;3;3;4;3;3;4;3;3;3;3;3;4;3;3;3;3;3;3;4;3;3;3;3;4;3;3;3;3;4;3;3;3;3;3;3;3;4;3;;0.98192;90.67;3.167;0.3758;11.87%;100%;;60;60
ConstructionFHD10_0_3;2;3;3;2;3;3;3;2;2;2;2;2;2;2;2;3;3;2;2;3;3;3;2;3;2;2;2;2;3;2;3;3;3;2;2;2;2;3;3;3;3;3;3;3;3;2;2;2;2;2;3;3;3;3;3;3;2;2;3;2;;0.95061;86.5;2.5;0.5042;20.17%;50%;;60;30
ConstructionFHD10_0_5   ;2;3;3;2;2;2;2;3;2;2;2;2;2;2;2;2;2;2;2;2;2;3;3;2;2;2;2;2;2;2;2;2;2;2;2;2;2;2;3;2;2;2;2;2;3;2;2;1;2;2;2;2;2;2;2;2;2;2;3;2;;0.89355;74.45;2.117;0.3724;17.59%;13%;;60;8
ConstructionFHD10_0_75;2;1;2;2;2;1;2;2;2;2;1;2;2;1;1;1;2;2;2;2;1;2;2;2;2;2;1;2;1;1;2;2;2;2;2;2;2;1;1;1;2;2;2;2;2;2;2;2;2;2;2;2;2;2;2;1;2;2;2;2;;0.85208;61.37;1.767;0.4265;24.14%;0%;;60;0
ConstructionFHD10_1;1;1;1;1;1;1;1;2;1;1;1;1;1;1;1;1;1;1;1;1;2;2;1;2;1;1;1;1;1;1;1;1;1;1;1;1;1;1;1;1;1;1;1;1;1;1;1;2;1;1;2;2;1;2;1;1;1;1;1;1;;0.79548;60.48;1.133;0.3428;30.25%;0%;;60;0
Construction FHD 15 Mbit/H264;;;;;;;;;;;;;;;;;;;;;;;;;;;;;;;;;;;;;;;;;;;;;;;;;;;;;;;;;;;;;;;;;;;;;;
ConstructionFHD15_0_1;2;3;3;3;3;3;3;3;3;3;3;3;2;3;3;3;3;3;2;3;3;3;3;3;3;3;3;3;4;3;3;3;3;3;3;3;3;2;3;3;3;3;3;3;4;3;3;3;3;3;3;3;3;3;3;3;3;3;4;4;;0.96346;83;3;0.3682;12.27%;93%;;60;56
ConstructionFHD15_0_2;2;2;2;3;3;3;3;3;2;2;2;2;1;2;2;3;3;1;2;2;2;2;2;2;2;2;3;2;2;2;2;3;3;3;2;2;2;2;2;2;2;2;2;2;2;3;3;3;2;2;2;2;2;1;2;2;3;2;2;2;;0.89227;81.97;2.2;0.5142;23.37%;25%;;60;15
ConstructionFHD15_0_3;3;3;3;2;2;2;3;3;3;2;2;2;2;3;3;2;2;2;2;2;3;2;3;2;2;2;2;2;3;3;3;2;2;2;3;3;3;2;2;2;2;3;2;2;3;3;3;2;2;2;2;3;3;2;2;2;2;2;2;3;;0.86285;80.75;2.383;0.4903;20.57%;38%;;60;23
ConstructionFHD15_0_5;1;2;1;1;2;1;1;1;1;2;2;2;2;2;2;1;1;1;1;1;1;2;1;1;2;2;2;2;1;2;1;2;1;1;2;1;1;2;2;2;2;2;1;1;2;1;2;1;1;1;1;2;1;1;2;2;2;2;1;2;;0.84357;70.79;1.483;0.5039;33.97%;0%;;60;0
ConstructionFHD15_0_75;2;2;2;2;2;2;2;2;2;2;2;2;2;2;3;2;2;2;1;1;2;2;2;1;2;1;2;2;2;2;1;2;2;2;1;2;2;2;1;1;2;2;2;1;2;2;2;1;1;1;2;1;2;1;2;1;2;1;1;2;;0.78489;56.36;1.733;0.4825;27.83%;2%;;60;1
ConstructionFHD15_1;1;1;1;1;1;1;2;1;1;1;1;1;1;1;1;1;1;1;1;1;1;1;1;1;2;1;1;1;1;2;1;1;1;1;1;1;2;1;1;1;1;1;1;1;2;1;1;1;1;1;1;1;1;1;2;1;1;1;1;2;;0.72026;29.16;1.117;0.3237;28.99%;0%;;60;0
Construction FHD 5 Mbit/H264;;;;;;;;;;;;;;;;;;;;;;;;;;;;;;;;;;;;;;;;;;;;;;;;;;;;;;;;;;;;;;;;;;;;;;
ConstructionFHD5_0_1;4;4;3;3;3;4;4;3;4;4;3;3;3;4;4;3;3;4;4;4;3;3;4;4;3;3;3;3;3;3;3;3;3;4;3;4;3;3;3;3;4;3;3;3;3;3;3;4;4;3;3;3;3;3;3;3;3;3;3;4;;0.97823;80;3.317;;;100%;;60;60
ConstructionFHD5_0_2;3;4;3;3;3;4;4;3;3;3;2;3;3;3;3;3;4;4;3;3;3;2;3;3;2;3;3;3;3;2;3;3;3;4;3;4;4;3;3;3;2;3;3;3;3;3;3;2;3;3;3;3;3;3;3;3;3;3;3;3;;0.97394;79.71;3.033;0.486;16.02%;90%;;60;54
ConstructionFHD5_0_3;3;4;4;4;4;3;3;3;3;2;2;2;3;2;3;3;3;2;3;2;3;2;3;3;2;2;3;3;3;2;3;3;3;3;2;3;3;3;2;2;3;3;2;3;3;3;2;3;3;3;3;3;3;3;3;3;3;3;3;3;;0.95164;78.95;2.817;0.5365;19.05%;75%;;60;45
ConstructionFHD5_0_5;3;2;2;2;2;2;3;2;2;2;3;2;2;2;2;2;2;2;2;2;2;2;3;2;3;2;2;2;2;2;2;2;2;2;2;2;2;2;2;2;2;2;2;3;2;2;2;2;2;2;2;2;2;2;2;2;2;2;2;1;;0.91166;68.51;2.083;0.334;16.03%;10%;;60;6
ConstructionFHD5_0_75;2;2;2;1;2;3;1;2;2;2;1;2;1;2;2;1;1;2;3;1;2;2;1;2;2;2;1;2;2;2;1;1;2;2;2;2;1;1;2;1;1;2;1;1;2;2;1;1;2;2;1;2;1;1;2;1;1;2;2;2;;0.90655;55.39;1.633;0.5513;33.75%;3%;;60;2
ConstructionFHD5_1;1;1;1;1;1;2;1;1;1;1;2;1;1;2;1;1;1;1;1;2;2;2;2;2;2;1;1;1;1;2;1;1;1;1;2;2;2;1;1;1;2;1;1;2;1;1;2;2;2;2;1;1;1;1;2;1;1;1;1;2;;0.89197;29.8;1.35;0.481;35.63%;0%;;60;0
Construction HD 10 Mbit/H264;;;;;;;;;;;;;;;;;;;;;;;;;;;;;;;;;;;;;;;;;;;;;;;;;;;;;;;;;;;;;;;;;;;;;;
ConstructionHD10_0_1;4;4;3;4;4;4;4;3;4;4;4;4;4;4;4;5;4;3;4;4;4;4;3;4;5;4;3;3;3;3;4;4;3;4;5;4;3;3;3;3;4;4;3;4;4;4;4;3;4;4;4;4;4;4;4;5;4;3;4;4;;0.9865;94.46;3.8;0.5462;14.37%;100%;;60;60
ConstructionHD10_0_2;4;3;4;3;5;4;4;3;5;3;4;5;4;3;3;3;3;3;3;3;4;4;4;3;3;3;3;3;4;3;4;4;4;3;3;3;3;3;4;3;4;3;4;3;5;4;4;3;5;3;4;5;4;3;3;3;3;4;4;3;;0.97284;91.93;3.567;0.6731;18.87%;100%;;60;60
ConstructionHD10_0_3;4;3;3;3;3;3;3;3;3;3;3;3;3;4;3;4;4;4;3;4;3;3;3;3;4;4;3;3;3;3;3;3;3;3;4;4;3;3;3;3;4;3;3;3;3;3;3;3;3;3;3;3;3;4;3;3;4;3;3;3;;0.96181;90.04;3.217;0.4155;12.92%;100%;;60;60
ConstructionHD10_0_5;3;4;3;3;3;3;3;4;3;3;3;3;3;3;3;3;3;3;3;3;3;3;4;3;3;3;3;2;3;2;2;3;3;3;3;3;3;3;3;3;3;3;4;3;3;3;3;4;4;3;3;3;3;3;3;4;3;4;3;4;;0.93882;84.26;3.1;0.4396;14.18%;95%;;60;57
ConstructionHD10_0_75;3;3;3;3;3;3;3;3;3;3;3;3;3;3;3;3;3;3;3;3;3;3;3;3;3;3;2;3;2;2;3;2;4;3;3;3;2;3;2;2;3;3;3;3;3;3;3;3;3;3;2;3;3;3;3;3;2;3;3;2;;0.90082;75.97;2.85;0.4044;14.19%;83%;;60;50
ConstructionHD10_1;3;3;3;3;3;3;3;3;3;3;3;3;3;2;2;3;2;3;3;3;3;3;3;2;2;2;2;3;3;3;3;3;3;2;2;2;2;3;3;3;3;3;3;3;3;3;3;3;3;3;3;3;3;2;2;3;2;3;3;3;;0.89291;74.3;2.767;0.4265;15.42%;77%;;60;46
Construction HD 15 Mbit/H264;;;;;;;;;;;;;;;;;;;;;;;;;;;;;;;;;;;;;;;;;;;;;;;;;;;;;;;;;;;;;;;;;;;;;;
ConstructionHD15_0_1;4;4;4;4;4;4;4;4;4;3;3;5;4;3;3;3;3;4;4;3;4;4;4;4;4;4;4;4;4;4;4;4;4;4;4;4;4;4;4;4;4;4;4;4;4;4;4;4;4;3;3;4;4;3;3;3;3;4;4;3;;0.9779;91.4;3.783;0.4544;12.01%;100%;;60;60
ConstructionHD15_0_2;4;3;4;3;3;4;4;3;4;4;4;3;3;3;3;4;3;4;3;3;4;3;4;4;4;4;4;3;3;3;3;3;4;4;4;3;3;3;4;3;4;4;4;3;3;3;4;3;4;4;4;3;3;3;3;4;3;3;3;3;;0.9769;91.34;3.45;0.5017;14.54%;100%;;60;60
ConstructionHD15_0_3;4;4;4;3;3;3;4;3;4;3;3;3;4;4;3;3;3;3;3;3;3;3;3;3;3;3;3;3;4;3;3;3;4;4;3;3;3;3;3;3;4;3;4;4;3;3;4;3;4;4;3;3;3;3;3;3;3;3;3;3;;0.96151;85.73;3.267;0.4459;13.65%;100%;;60;60
ConstructionHD15_0_5;2;3;2;3;2;3;3;3;3;2;3;3;2;3;3;3;2;3;3;3;3;2;3;3;2;3;2;2;2;3;3;2;3;3;2;3;2;2;2;3;2;3;2;3;2;3;3;3;3;2;2;3;2;3;3;3;2;3;3;3;;0.92171;76.86;2.617;0.4903;18.74%;62%;;60;37
ConstructionHD15_0_75;3;3;2;2;2;3;3;2;2;3;2;3;3;3;2;3;3;2;3;3;3;2;3;2;2;2;2;3;2;2;3;2;3;2;2;2;2;3;2;2;3;3;2;2;2;3;3;2;2;3;2;3;3;3;3;3;3;2;3;2;;0.91934;75.81;2.5;0.5042;20.17%;50%;;60;30
ConstructionHD15_1;2;3;2;2;1;2;2;2;3;1;2;2;2;3;3;2;2;2;2;2;3;2;2;2;3;2;2;2;2;3;3;2;2;2;1;2;2;2;2;2;2;1;2;2;1;2;2;1;1;3;2;2;2;3;3;2;2;2;2;2;;0.88114;70.82;2.067;0.5482;26.53%;18%;;60;11
Construction HD 5 Mbit/H264;;;;;;;;;;;;;;;;;;;;;;;;;;;;;;;;;;;;;;;;;;;;;;;;;;;;;;;;;;;;;;;;;;;;;;
ConstructionHD5_0_1;5;5;4;4;4;5;4;4;4;5;5;3;5;5;5;5;5;4;5;5;5;5;5;5;5;5;5;5;5;4;5;5;5;5;5;5;5;5;5;4;5;5;4;4;4;5;4;4;4;5;5;3;5;5;5;5;5;4;5;5;;0.9948;96.13;4.667;0.542;11.61%;100%;;60;60
ConstructionHD5_0_2;4;3;4;5;5;5;5;4;5;4;4;4;4;4;3;4;3;4;3;3;4;4;4;4;5;5;4;4;5;4;4;4;4;4;5;5;4;4;5;4;4;4;4;5;4;5;5;4;5;4;4;4;4;4;3;4;3;4;4;4;;0.98578;95.17;4.133;0.5957;14.41%;100%;;60;60
ConstructionHD5_0_3;4;3;3;3;3;3;4;3;3;3;3;3;3;3;3;4;3;3;4;3;4;4;3;3;3;3;3;3;3;3;4;4;3;3;3;3;3;3;3;3;4;3;3;4;4;3;3;3;3;3;3;3;4;3;3;3;3;3;4;3;;0.97956;93.68;3.217;0.4155;12.92%;100%;;60;60
ConstructionHD5_0_5;3;3;3;3;4;3;3;3;3;3;4;3;3;3;3;3;3;3;3;3;3;4;3;3;4;3;3;3;3;3;3;4;3;3;3;3;3;3;3;3;3;4;3;3;3;3;4;3;4;3;3;3;3;3;3;3;3;3;3;3;;0.97044;89.52;3.133;0.3428;10.94%;100%;;60;60
ConstructionHD5_0_75;3;3;3;3;3;3;3;3;3;3;3;3;3;3;3;3;3;3;3;3;3;3;3;3;2;3;3;3;3;3;3;3;3;3;3;3;3;3;3;3;3;3;3;3;3;3;3;3;3;3;3;3;3;3;3;3;2;3;3;2;;0.96191;87.2;2.95;0.2198;7.45%;95%;;60;57
ConstructionHD5_1;3;3;3;3;3;3;3;3;2;2;3;3;3;3;3;3;3;3;3;3;3;2;3;3;3;2;3;2;2;3;2;3;3;3;2;3;3;2;2;3;3;3;3;3;3;2;3;3;3;3;3;3;3;2;2;3;3;3;3;3;;0.92211;79.94;2.783;0.4155;14.93%;78%;;60;47
Construction UHD 10 Mbit/H264;;;;;;;;;;;;;;;;;;;;;;;;;;;;;;;;;;;;;;;;;;;;;;;;;;;;;;;;;;;;;;;;;;;;;;
ConstructionUHD10_0_1    ;4;4;4;4;4;5;5;5;4;4;4;4;4;4;4;4;4;5;3;4;5;5;5;4;4;5;4;4;4;4;5;5;5;3;4;5;4;4;4;4;4;4;4;4;4;5;5;5;4;4;4;4;4;4;4;4;3;5;4;4;;0.99275;96.81;4.217;0.5237;12.42%;100%;;60;60
ConstructionUHD10_0_2   ;5;4;4;4;4;4;4;4;5;4;4;5;4;4;4;4;4;4;4;4;4;4;4;4;4;4;4;5;4;4;4;4;4;4;4;4;5;5;4;4;5;4;4;4;4;4;4;4;4;4;4;5;4;5;4;4;4;4;4;4;;0.99201;96.67;4.15;0.3601;8.68%;100%;;60;60
ConstructionUHD10_0_3;4;3;3;4;4;4;4;4;3;3;4;3;3;4;4;4;5;3;4;4;4;4;3;3;4;3;4;3;4;3;4;4;3;3;4;3;4;3;4;3;4;3;3;4;4;4;4;4;3;3;4;3;3;4;3;4;4;4;4;4;;0.96438;86.3;3.617;0.5237;14.48%;100%;;60;60
ConstructionUHD10_0_5;4;3;3;3;2;3;3;4;3;2;3;2;3;4;3;3;3;4;3;4;4;3;4;4;3;3;3;3;3;3;4;3;4;4;3;3;3;3;3;3;4;3;3;3;3;3;3;3;3;3;3;3;3;3;3;3;3;3;3;3;;0.94261;81.03;3.15;0.481;15.27%;95%;;60;57
ConstructionUHD10_0_75;3;2;3;3;3;3;4;2;4;3;3;3;2;3;2;4;3;3;4;3;3;3;3;3;3;3;3;2;2;2;3;3;4;3;3;3;3;2;2;2;3;2;3;3;3;3;3;3;3;3;3;3;3;3;2;2;3;3;3;3;;0.92064;75.38;2.867;0.5357;18.69%;78%;;60;47
ConstructionUHD10_1;3;3;3;3;2;3;3;2;3;3;2;3;3;3;3;2;3;3;3;3;3;3;3;2;2;2;2;2;2;3;3;3;2;2;2;2;2;2;2;3;3;3;3;3;2;2;3;3;3;3;2;3;3;3;3;3;2;3;3;3;;0.88676;67.11;2.65;0.481;18.15%;65%;;60;39
Construction UHD 15 Mbit/H264;;;;;;;;;;;;;;;;;;;;;;;;;;;;;;;;;;;;;;;;;;;;;;;;;;;;;;;;;;;;;;;;;;;;;;
ConstructionUHD15_0_1;4;4;3;3;4;4;4;3;4;3;4;3;4;3;5;4;3;5;4;3;4;4;3;3;4;4;4;3;3;3;4;4;4;3;4;4;4;4;3;4;3;4;3;3;3;4;4;3;4;3;3;3;4;3;5;4;3;4;4;4;;0.9795;93.02;3.633;0.5813;16.00%;100%;;60;60
ConstructionUHD15_0_2;4;3;4;3;3;4;3;3;4;3;3;3;3;3;3;4;3;4;4;3;4;4;4;4;3;3;3;4;3;3;4;4;3;4;3;3;3;3;3;3;4;3;4;3;4;4;3;3;4;3;4;3;3;3;3;4;3;4;4;3;;0.97118;92.23;3.4;0.494;14.53%;100%;;60;60
ConstructionUHD15_0_3;4;3;3;3;3;3;4;4;3;3;3;4;3;3;3;3;3;4;4;3;4;4;4;4;3;3;3;3;3;3;3;4;4;4;3;3;3;3;3;3;3;3;3;3;3;3;4;4;3;3;3;3;3;3;3;4;3;4;4;3;;0.96392;89.45;3.3;0.4621;14.00%;100%;;60;60
ConstructionUHD15_0_5;3;3;3;4;3;3;3;3;3;3;3;4;3;3;3;3;4;3;3;4;4;3;3;3;3;3;3;3;3;3;3;3;3;3;3;3;3;3;3;3;3;3;3;3;3;3;3;3;4;3;3;4;3;3;3;3;3;3;3;3;;0.9274;78.79;3.117;0.3237;10.39%;100%;;60;60
ConstructionUHD15_0_75 ;2;2;3;3;3;3;2;3;3;3;3;3;3;3;2;3;3;2;2;3;2;2;2;3;2;3;2;2;3;2;2;2;2;3;3;3;2;2;3;2;2;2;3;3;2;3;2;3;3;3;3;3;3;3;2;3;3;2;2;3;;0.87294;68.25;2.567;0.4997;19.47%;57%;;60;34
ConstructionUHD15_1;2;3;2;3;2;2;3;3;3;3;2;3;2;2;3;2;2;2;2;2;2;2;2;2;2;3;2;2;2;2;2;1;2;2;2;3;2;2;2;2;2;3;2;3;2;2;3;3;3;3;2;3;2;2;3;2;2;3;2;2;;0.85721;64.25;2.3;0.4975;21.63%;32%;;60;19
Construction UHD 5 Mbit/H264;;;;;;;;;;;;;;;;;;;;;;;;;;;;;;;;;;;;;;;;;;;;;;;;;;;;;;;;;;;;;;;;;;;;;;
ConstructionUHD5_0_1;5;4;4;3;4;4;4;4;4;4;4;5;5;4;4;4;4;4;5;4;4;4;4;4;4;5;4;4;4;4;4;4;4;5;4;4;4;4;4;4;5;4;4;3;4;4;4;4;4;4;4;5;5;4;4;4;4;4;5;4;;0.99509;97.87;4.133;0.4305;10.41%;100%;;60;60
ConstructionUHD5_0_2;5;3;4;5;5;5;5;4;5;4;4;5;4;4;4;3;4;3;3;4;4;4;4;4;4;4;4;4;4;5;4;3;4;4;4;4;4;4;4;5;4;4;4;5;5;5;5;4;5;4;4;4;4;4;4;3;4;4;3;4;;0.98883;94.41;4.117;0.5849;14.21%;100%;;60;60
ConstructionUHD5_0_3        ;4;4;4;4;3;5;4;4;4;3;3;3;3;4;5;4;5;4;4;4;4;4;5;4;4;5;3;3;3;3;4;4;5;4;4;5;3;4;4;3;5;4;4;4;3;5;4;4;4;3;3;3;3;4;5;4;5;4;4;4;;0.98372;92.66;3.917;0.6712;17.14%;100%;;60;60
ConstructionUHD5_0_5;5;4;3;4;4;3;4;4;3;4;4;4;4;4;4;4;3;3;3;4;3;3;5;4;4;3;4;3;3;4;3;3;5;4;4;3;4;3;3;4;4;4;3;4;4;3;4;4;3;4;4;4;4;4;4;4;3;3;3;4;;0.96539;84.83;3.683;0.5672;15.40%;100%;;60;60
ConstructionUHD5_0_75;3;3;3;2;3;2;3;3;3;2;2;3;3;3;3;2;2;3;3;3;3;3;3;3;3;3;2;3;2;2;3;2;3;3;3;3;2;3;2;2;3;3;3;2;3;2;3;3;3;3;2;3;3;2;2;3;3;3;3;3;;0.94933;80.17;2.7;0.4621;17.12%;70%;;60;42
ConstructionUHD5_1;2;3;2;2;2;3;2;2;2;2;3;2;2;2;3;2;2;2;2;3;2;3;2;2;2;2;2;2;3;3;2;2;2;2;2;2;3;2;2;2;2;2;2;3;2;3;2;2;2;2;3;2;2;2;3;2;2;2;2;2;;0.9406;79.86;2.217;0.4155;18.74%;22%;;60;13
Construction FHD 10 Mbit/H265 (HEVC);;;;;;;;;;;;;;;;;;;;;;;;;;;;;;;;;;;;;;;;;;;;;;;;;;;;;;;;;;;;;;;;;;;;;;
ConstructionXFHD10_0_1;2;2;2;2;2;1;2;2;2;2;1;2;2;2;1;2;3;1;2;2;2;2;2;2;2;3;2;2;2;2;2;2;2;2;2;1;2;2;2;2;1;2;2;2;1;2;2;2;2;2;2;2;2;1;2;2;2;2;2;2;;0.93862;88.55;1.9;0.3992;21.01%;3%;;60;2
ConstructionXFHD10_0_2;2;2;2;2;2;2;2;2;2;1;2;2;1;2;2;2;2;2;2;2;2;2;1;2;2;2;1;2;1;2;2;2;2;2;2;2;2;2;2;1;2;2;1;2;2;2;2;2;2;2;2;2;1;2;2;2;1;2;1;2;;0.92548;87.41;1.833;0.3758;20.50%;0%;;60;0
ConstructionXFHD10_0_3;1;1;2;2;2;2;2;2;1;1;1;2;1;1;1;2;1;1;2;1;1;1;1;2;1;2;2;2;2;2;1;1;2;2;2;2;2;2;1;1;1;2;1;1;1;2;1;1;2;1;1;1;1;2;1;2;2;2;2;2;;0.85211;81.45;1.5;0.5042;33.61%;0%;;60;0
ConstructionXFHD10_0_5;1;1;2;1;1;2;2;1;1;1;1;2;2;1;1;2;2;2;2;1;1;1;1;1;1;1;1;1;1;2;1;1;2;1;1;2;2;1;1;1;1;2;2;1;1;2;2;2;2;1;1;1;1;1;1;1;1;1;1;2;;0.80773;78.56;1.333;0.4754;35.65%;0%;;60;0
ConstructionXFHD10_0_75;2;1;1;2;1;1;1;1;1;1;1;1;1;1;1;1;2;1;1;1;1;1;1;1;1;1;1;1;1;2;2;1;1;2;1;1;1;1;1;1;1;1;1;1;1;1;2;1;1;1;1;1;1;1;1;1;1;1;1;2;;0.75088;59.47;1.133;0.3428;30.25%;0%;;60;0
ConstructionXFHD10_1;1;1;1;1;1;2;1;1;1;1;1;1;1;1;1;1;1;1;1;1;1;1;1;1;1;2;1;1;1;1;1;1;1;1;1;2;1;1;1;1;1;1;1;1;1;1;1;1;1;1;1;1;1;1;1;2;1;1;1;1;;0.71025;50.51;1.067;0.2515;23.58%;0%;;60;0
Construction FHD 15 Mbit/H265 (HEVC);;;;;;;;;;;;;;;;;;;;;;;;;;;;;;;;;;;;;;;;;;;;;;;;;;;;;;;;;;;;;;;;;;;;;;
ConstructionXFHD15_0_1;2;1;1;2;2;2;2;1;1;2;2;2;2;1;1;2;2;2;1;2;1;2;1;2;2;2;2;2;2;2;2;1;1;1;2;2;2;2;2;2;2;2;2;1;2;2;2;2;1;2;1;2;2;2;2;2;2;2;2;2;;0.8656;74.11;1.75;0.4367;24.95%;0%;;60;0
ConstructionXFHD15_0_2;2;1;2;2;2;2;1;2;2;2;2;2;1;2;2;2;2;2;2;1;1;1;2;1;1;2;1;2;1;1;2;1;2;2;2;2;1;2;1;1;1;2;1;2;2;2;2;2;2;1;1;1;2;1;1;2;1;2;1;1;;0.85076;75.49;1.583;0.4972;31.40%;0%;;60;0
ConstructionXFHD15_0_3;1;2;2;2;2;2;2;2;2;2;2;2;1;1;1;1;2;2;2;2;1;2;1;2;2;2;2;2;2;1;1;1;1;2;2;2;2;2;2;2;2;2;1;1;2;1;2;2;2;2;1;2;2;2;2;2;2;2;2;2;;0.77768;66.05;1.75;0.4367;24.95%;0%;;60;0
ConstructionXFHD15_0_5;1;1;1;1;2;2;1;1;1;1;1;1;1;1;2;1;1;1;1;1;1;2;1;1;1;2;2;1;1;1;1;1;1;1;2;2;1;1;1;1;1;1;1;1;2;1;1;1;1;1;1;2;1;1;1;2;2;1;1;1;;0.7435;52.84;1.2;0.4034;33.61%;0%;;60;0
ConstructionXFHD15_0_75;1;1;1;1;1;1;1;1;1;1;1;1;1;1;1;1;1;1;1;1;1;1;1;1;1;2;1;1;1;2;1;1;1;1;1;1;1;1;1;1;1;1;1;1;1;1;1;1;1;1;1;1;1;1;1;1;1;1;1;1;;0.68228;40.11;1.033;0.181;17.52%;0%;;60;0
ConstructionXFHD15_1;1;1;1;1;1;1;1;1;1;1;1;1;1;1;1;1;1;1;1;1;1;1;1;1;1;2;1;1;1;1;2;1;1;1;1;1;1;1;1;1;1;1;1;1;1;1;1;1;1;1;1;1;1;1;1;1;1;1;2;1;;0.66799;34.61;1.5;0.2198;20.93%;0%;;60;0
Construction FHD 5 Mbit/H265 (HEVC);;;;;;;;;;;;;;;;;;;;;;;;;;;;;;;;;;;;;;;;;;;;;;;;;;;;;;;;;;;;;;;;;;;;;;
ConstructionXFHD5_0_1;3;2;2;3;2;2;3;2;2;2;2;3;3;2;2;2;2;3;2;2;3;3;2;2;2;2;3;3;3;3;3;2;2;3;2;2;3;2;2;2;2;3;3;2;2;2;2;3;2;2;3;3;2;2;2;2;3;3;3;3;;0.96945;90.95;2.4;0.494;20.58%;40%;;60;24
ConstructionXFHD5_0_2;2;2;2;3;2;2;2;2;2;2;2;2;2;2;2;2;2;3;2;2;3;2;2;2;2;2;3;3;2;3;2;2;2;3;2;2;2;2;3;2;2;2;2;2;2;2;2;3;2;2;2;2;2;2;2;2;3;3;2;3;;0.96163;82.23;2.2;0.4034;18.34%;20%;;60;12
ConstructionXFHD5_0_3;1;1;2;2;2;2;2;2;1;2;1;2;1;1;1;1;1;2;1;1;1;2;2;2;2;2;1;2;2;2;1;1;2;2;2;2;2;2;1;2;1;2;1;1;1;1;1;2;1;1;1;3;1;2;2;2;1;2;2;2;;0.92416;75.59;1.567;0.5326;33.99%;2%;;60;1
ConstructionXFHD5_0_5;2;1;1;1;1;1;2;1;1;1;1;2;1;1;1;1;2;1;1;1;1;1;1;1;1;1;1;2;1;2;2;1;1;1;1;1;2;1;1;1;1;2;1;1;1;1;2;1;1;1;1;1;1;1;1;1;1;2;1;2;;0.89705;67.74;1.2;0.4034;33.61%;0%;;60;0
ConstructionXFHD5_0_75;2;1;2;1;1;2;1;1;1;1;1;2;1;1;1;1;1;2;1;1;1;2;1;2;1;1;2;1;1;2;1;1;2;1;1;2;1;1;1;1;1;2;1;1;1;1;1;2;1;1;1;2;1;1;1;1;2;1;1;1;;0.87718;62.94;1.25;0.4367;34.93%;0%;;60;0
ConstructionXFHD5_1;1;1;1;2;2;1;1;1;1;1;1;1;1;1;1;1;1;1;1;2;1;1;1;2;2;1;1;2;1;1;1;1;1;2;2;1;1;1;1;1;1;1;1;1;1;1;1;1;1;2;1;1;1;2;2;1;1;2;1;1;;0.8266;56.06;1.2;0.4034;33.61%;0%;;60;0
Construction HD 10 Mbit/H265 (HEVC);;;;;;;;;;;;;;;;;;;;;;;;;;;;;;;;;;;;;;;;;;;;;;;;;;;;;;;;;;;;;;;;;;;;;;
ConstructionXHD10_0_1;2;2;3;2;2;1;2;3;2;2;2;3;2;3;3;3;2;2;2;2;2;2;2;2;3;3;2;3;3;3;2;2;2;2;3;3;2;3;3;3;2;2;3;2;2;2;2;3;2;2;2;3;2;3;3;3;2;2;3;2;;0.96109;88.26;2.367;0.5197;21.96%;38%;;60;23
ConstructionXHD10_0_2;3;1;1;3;3;3;2;2;3;2;2;2;2;2;3;3;2;2;2;2;2;1;2;2;2;2;2;1;2;1;2;2;2;2;2;2;2;1;2;1;2;1;1;2;2;3;2;2;2;2;2;2;2;3;2;2;2;2;2;2;;0.91792;82.47;2;0.5523;27.62%;15%;;60;9
ConstructionXHD10_0_3;2;1;1;2;2;2;2;2;1;2;1;1;2;1;2;1;1;1;2;2;1;2;1;1;1;1;1;1;1;2;1;2;1;1;1;1;1;1;1;2;2;1;1;2;2;2;2;2;1;2;1;1;2;1;2;1;1;1;2;2;;0.87351;74.41;1.433;0.4997;34.86%;0%;;60;0
ConstructionXHD10_0_5;2;1;1;2;2;2;2;2;2;1;1;1;1;1;1;1;1;1;2;1;2;2;1;1;1;1;1;1;1;1;2;2;1;1;1;1;1;1;1;1;2;1;1;1;2;2;2;2;2;1;1;1;1;1;1;1;1;1;2;1;;0.82127;64.18;1.317;0.4691;35.63%;0%;;60;0
ConstructionXHD10_0_75;1;1;1;1;1;1;1;1;1;1;1;1;2;1;1;1;2;2;1;1;1;1;1;1;1;1;1;1;1;1;2;1;1;1;1;1;1;1;1;1;1;1;1;1;1;1;1;1;1;1;1;1;1;1;2;1;1;1;1;1;;0.77005;53.65;1.083;0.2787;25.73%;0%;;60;0
ConstructionXHD10_1;2;1;1;1;1;1;1;1;1;1;1;1;1;1;1;1;1;1;1;1;1;1;1;1;1;1;1;1;1;1;1;1;1;1;1;1;1;1;1;1;1;1;1;1;1;1;1;1;1;1;1;1;1;1;1;1;1;1;1;1;;0.75114;45.25;1.017;0.1291;12.70%;0%;;60;0
Construction HD 15 Mbit/H265 (HEVC);;;;;;;;;;;;;;;;;;;;;;;;;;;;;;;;;;;;;;;;;;;;;;;;;;;;;;;;;;;;;;;;;;;;;;
ConstructionXHD15_0_1;2;2;1;2;1;1;1;2;2;1;1;1;1;1;1;1;1;1;2;1;1;1;2;1;1;1;1;1;1;2;1;1;2;1;1;1;1;1;1;2;2;2;1;2;1;1;1;2;2;1;1;1;1;2;1;1;1;1;2;1;;0.87536;71.34;1.283;0.4544;35.41%;0%;;60;0
ConstructionXHD15_0_2    ;1;1;1;1;2;2;1;1;1;1;1;1;1;1;1;1;1;1;2;1;1;1;1;2;2;1;2;1;1;1;1;1;1;2;2;1;2;1;1;1;1;1;1;1;2;2;1;1;1;1;1;1;1;1;1;1;1;1;2;1;;0.85693;67.93;1.2;0.4034;33.61%;0%;;60;0
ConstructionXHD15_0_3;1;2;1;1;3;1;1;1;1;1;1;1;1;1;1;2;1;1;2;1;1;1;1;1;2;2;1;1;1;1;1;1;1;1;2;2;1;1;1;1;1;2;1;1;2;1;1;1;1;1;1;1;1;1;1;2;1;1;2;1;;0.80488;59.95;1.217;0.4544;37.35%;2%;;60;1
ConstructionXHD15_0_5;3;1;1;2;1;1;1;1;2;2;1;1;2;1;1;2;1;1;1;1;1;1;1;1;1;1;1;1;2;1;1;1;1;1;1;1;1;1;2;1;2;1;1;2;1;1;1;1;2;2;1;1;2;1;1;2;1;1;1;1;;0.78704;55.75;1.25;0.4739;37.91%;2%;;60;1
ConstructionXHD15_0_75;1;1;1;1;1;1;1;1;1;1;1;1;1;1;1;1;1;1;1;1;1;1;1;1;1;1;1;1;1;1;1;1;1;1;1;1;1;1;1;1;1;1;1;1;1;1;1;1;1;1;1;1;1;1;1;1;1;1;1;1;;0.74042;46.76;1;0;0.00%;0%;;60;0
ConstructionXHD15_1;1;1;1;1;1;1;1;1;1;1;1;1;1;1;1;1;1;1;1;1;1;1;1;1;1;1;1;1;1;1;1;1;1;1;1;1;1;1;1;1;1;1;1;1;1;1;1;1;1;1;1;1;1;1;1;1;1;1;1;1;;0.66205;27.97;1;0;0.00%;0%;;60;0
Construction HD 5 Mbit/H265 (HEVC);;;;;;;;;;;;;;;;;;;;;;;;;;;;;;;;;;;;;;;;;;;;;;;;;;;;;;;;;;;;;;;;;;;;;;
ConstructionXHD5_0_1;3;2;2;3;2;2;2;3;3;4;2;2;4;3;4;3;2;3;2;3;3;2;2;2;3;3;3;3;3;2;2;2;2;2;3;3;3;3;2;2;3;4;3;3;3;3;3;3;3;3;3;3;3;3;2;3;3;3;3;3;;0.98539;93.05;2.733;0.5783;21.16%;67%;;60;40
ConstructionXHD5_0_2;2;3;2;3;3;3;3;3;2;3;3;3;3;2;2;3;2;3;3;2;3;2;3;2;2;3;3;3;3;2;2;3;2;2;3;3;3;3;2;2;2;3;2;3;3;3;3;3;2;3;3;3;2;2;2;3;2;3;3;3;;0.9648;86.03;2.617;0.4903;18.74%;62%;;60;37
ConstructionXHD5_0_3    ;2;3;2;1;1;1;2;3;2;3;2;2;3;3;2;3;3;2;3;3;3;2;3;2;2;3;3;2;2;3;2;3;2;2;3;3;2;2;3;2;2;3;2;2;2;2;2;3;2;3;2;2;3;3;2;3;3;2;3;3;;0.9494;85.28;2.4;0.588;24.50%;45%;;60;27
ConstructionXHD5_0_5;3;1;1;3;2;2;3;3;3;2;1;2;3;2;2;2;1;2;2;2;1;2;1;1;1;1;2;2;1;2;1;1;2;1;1;2;2;1;1;1;2;1;1;3;2;2;2;2;2;2;2;2;3;2;2;2;2;2;2;2;;0.90058;75.7;1.817;0.6507;35.82%;13%;;60;8
ConstructionXHD5_0_75;1;1;1;1;1;1;1;1;1;2;1;1;2;2;1;1;1;1;2;2;1;2;1;2;2;2;1;1;1;1;1;1;2;2;2;1;1;1;1;1;1;1;1;1;1;1;1;1;1;2;1;1;2;2;1;1;1;1;2;2;;0.87314;68.73;1.283;0.4544;35.41%;0%;;60;0
ConstructionXHD5_1;2;1;1;3;1;1;1;1;1;1;1;1;2;2;1;2;1;1;1;1;1;1;1;1;1;1;1;1;1;1;1;1;1;1;1;1;1;1;1;1;2;1;1;2;1;1;1;1;1;1;1;1;2;1;1;1;1;1;1;1;;0.80869;55.77;1.15;0.4044;35.17%;2%;;60;1
Construction UHD 10 Mbit/H265 (HEVC);;;;;;;;;;;;;;;;;;;;;;;;;;;;;;;;;;;;;;;;;;;;;;;;;;;;;;;;;;;;;;;;;;;;;;
ConstructionXUHD10_0_1;4;4;4;3;4;3;3;4;4;3;3;3;4;3;3;4;3;5;3;4;4;3;3;4;3;3;4;4;4;4;4;3;4;3;3;4;4;4;3;4;4;4;4;3;4;3;3;4;4;3;3;3;4;3;3;4;3;4;3;3;;0.9853;94.58;3.533;0.5357;15.16%;100%;;60;60
ConstructionXUHD10_0_2;4;3;3;3;4;3;3;3;3;3;3;2;3;4;4;4;3;3;3;4;3;4;3;3;3;3;3;4;3;4;4;3;3;3;3;3;4;3;4;4;4;3;3;3;4;3;3;3;3;3;3;3;3;4;4;4;3;3;3;4;;0.98064;94.93;3.3;0.4975;15.07%;98%;;60;59
ConstructionXUHD10_0_3;3;3;3;2;1;2;3;3;3;3;2;3;3;3;3;3;3;2;2;2;2;2;2;2;2;2;2;2;2;2;3;2;2;2;2;2;2;2;2;3;3;3;3;2;3;2;3;3;3;3;2;3;3;3;3;3;3;2;2;2;;0.94534;85.54;2.467;0.5357;21.72%;48%;;60;29
ConstructionXUHD10_0_5;2;2;1;2;1;2;2;3;1;2;2;2;2;1;1;2;1;1;1;2;2;2;2;2;2;1;1;2;1;1;2;2;1;2;1;1;2;1;1;2;2;2;1;2;3;2;2;3;1;2;2;2;2;2;2;2;1;1;1;2;;0.88519;72.43;1.683;0.5672;33.70%;5%;;60;3
ConstructionXUHD10_0_75;2;2;1;1;2;1;2;1;1;2;1;2;2;2;3;3;1;1;2;1;1;2;1;1;1;1;1;1;1;1;1;1;1;1;2;2;2;1;1;1;2;2;1;1;2;1;2;1;1;2;1;2;2;2;2;2;1;1;2;1;;0.84382;63.66;1.467;0.5665;38.62%;3%;;60;2
ConstructionXUHD10_1;2;2;1;1;2;1;2;2;1;2;1;1;2;2;2;2;2;1;1;2;1;2;2;1;1;1;1;1;1;2;1;2;1;1;1;1;1;1;2;1;2;2;1;1;2;1;2;2;1;2;1;1;2;2;2;2;2;1;1;2;;0.84109;62.14;1.483;0.5039;33.97%;0%;;60;0
Construction UHD 15 Mbit/H265 (HEVC);;;;;;;;;;;;;;;;;;;;;;;;;;;;;;;;;;;;;;;;;;;;;;;;;;;;;;;;;;;;;;;;;;;;;;
ConstructionXUHD15_0_1;2;3;2;2;2;2;3;3;2;3;2;3;3;2;2;3;2;2;3;2;3;2;2;3;3;3;3;3;2;2;3;2;2;3;3;3;3;3;2;2;2;3;2;2;2;2;3;3;2;3;2;3;3;2;2;3;2;2;3;2;;0.93795;84.78;2.467;0.5031;20.40%;47%;;60;28
ConstructionXUHD15_0_2       ;3;3;1;2;3;3;3;3;2;2;3;1;3;2;2;2;1;2;2;2;2;3;3;2;1;2;2;3;2;1;2;3;3;2;1;2;2;3;2;2;2;2;2;2;3;3;3;3;2;2;3;2;3;2;2;2;2;2;2;2;;0.93641;85.55;2.233;0.6207;27.79%;33%;;60;20
ConstructionXUHD15_0_3;2;3;1;1;2;2;2;2;2;3;1;3;2;2;2;3;1;3;3;2;3;3;1;2;2;2;2;2;1;2;3;3;1;2;2;2;2;2;1;2;2;2;2;1;2;2;2;2;2;3;1;3;2;2;2;2;2;3;3;2;;0.91862;79.47;2.067;0.6342;30.69%;23%;;60;14
ConstructionXUHD15_0_5;3;2;2;2;1;1;2;2;3;2;1;1;2;1;1;1;1;1;1;1;1;1;2;2;2;2;2;1;2;1;1;2;2;2;2;2;1;2;2;1;2;2;2;2;1;1;2;2;2;2;2;1;2;1;1;1;1;1;1;1;;0.86683;68.49;1.567;0.5635;35.97%;3%;;60;2
ConstructionXUHD15_0_75;2;2;1;1;1;1;1;1;1;2;1;2;1;1;2;1;1;1;1;1;2;2;1;1;2;2;1;1;1;1;2;2;1;1;2;2;1;1;1;1;2;2;1;1;1;1;1;1;1;2;1;2;1;1;2;1;1;1;1;1;;0.77712;58.92;1.3;0.4621;35.55%;0%;;60;0
ConstructionXUHD15_1;1;1;1;1;1;1;1;1;1;1;1;1;1;1;1;1;1;1;1;1;1;1;1;1;1;1;1;1;1;1;1;1;1;1;1;1;1;1;1;1;1;1;1;1;1;1;1;1;1;1;1;1;1;1;1;1;1;1;1;1;;0.72645;52.38;1;0;0.00%;0%;;60;0
Construction UHD 5 Mbit/H265 (HEVC);;;;;;;;;;;;;;;;;;;;;;;;;;;;;;;;;;;;;;;;;;;;;;;;;;;;;;;;;;;;;;;;;;;;;;
ConstructionXUHD5_0_1;4;4;4;3;3;3;3;4;3;3;3;3;3;4;3;3;3;3;3;3;4;4;3;3;4;3;3;3;3;4;4;4;4;3;4;3;3;3;3;4;4;4;4;3;2;3;3;4;3;3;3;3;3;4;3;3;3;3;3;3;;0.9734;92.31;3.3;0.4975;15.07%;98%;;60;59
ConstructionXUHD5_0_2;3;3;3;2;2;3;3;3;3;2;3;3;3;3;3;3;3;3;3;3;3;3;2;2;3;2;2;2;3;3;3;3;2;2;3;2;2;2;3;3;3;3;3;3;3;3;3;3;3;2;3;3;3;3;3;3;3;3;3;3;;0.96863;93.45;2.767;0.4265;15.42%;77%;;60;46
ConstructionXUHD5_0_5;2;2;3;3;3;3;3;2;3;2;2;2;2;1;3;2;1;2;3;2;2;2;3;3;2;3;3;2;2;2;2;2;3;3;2;1;1;2;2;2;2;2;3;3;3;3;3;2;3;2;2;2;3;3;3;2;3;2;3;2;;0.92849;80.32;2.35;0.6058;25.78%;42%;;60;25
ConstructionXUHD5_0_75;1;2;1;2;2;1;1;2;1;1;1;2;1;1;2;1;2;2;2;2;2;1;2;2;1;2;1;1;1;1;2;1;2;2;1;2;1;1;1;1;2;2;1;2;2;1;1;2;1;1;1;2;1;1;2;1;2;3;2;2;;0.88352;75.37;1.5;0.5368;35.79%;2%;;60;1
ConstructionXUHD5_1;2;1;1;1;1;1;1;1;2;2;2;2;1;2;1;1;1;2;2;1;2;2;1;1;1;1;1;2;2;1;2;2;1;1;1;1;1;2;2;1;2;1;1;1;1;1;1;1;2;2;2;2;1;2;1;1;1;2;2;1;;0.84959;63.86;1.4;0.494;35.29%;0%;;60;0
Runners FHD 10 Mbit/H264;;;;;;;;;;;;;;;;;;;;;;;;;;;;;;;;;;;;;;;;;;;;;;;;;;;;;;;;;;;;;;;;;;;;;;
RunnersFHD10_0_1;3;3;3;3;3;3;3;3;4;3;3;3;3;3;3;3;3;3;3;3;3;3;3;3;3;3;3;4;3;3;3;3;3;3;3;3;3;3;4;3;3;4;3;3;3;3;3;3;3;3;4;3;3;3;3;3;3;3;3;3;;0.95379;94.8;3.083;0.2787;9.04%;100%;;60;60
RunnersFHD10_0_2;3;3;3;3;2;3;3;3;2;3;3;3;3;3;3;3;3;3;3;2;3;3;3;3;3;3;3;3;3;3;3;3;3;3;2;3;3;3;2;3;3;3;3;3;3;3;3;3;3;2;3;3;3;3;3;3;3;3;3;3;;0.94281;94.34;2.9;0.3025;10.43%;90%;;60;54
RunnersFHD10_0_3;3;2;3;3;2;3;2;2;3;3;2;2;2;3;3;2;2;3;3;3;2;2;3;2;2;2;3;2;2;2;3;2;3;3;2;3;2;2;3;3;2;2;2;3;3;2;2;3;3;3;2;2;3;2;2;2;3;2;2;2;;0.8728;67.8;2.433;0.4997;20.54%;43%;;60;26
RunnersFHD10_0_5;3;2;2;2;2;1;2;1;1;2;1;2;1;2;2;2;2;3;2;2;2;1;1;2;1;2;3;2;2;2;2;2;2;2;1;1;2;3;2;2;2;2;2;2;1;1;2;2;2;2;2;2;1;1;2;2;1;1;2;2;;0.76276;60.55;1.8;0.5462;30.34%;7%;;60;4
RunnersFHD10_1;1;1;1;1;1;1;1;1;1;1;1;1;1;1;1;1;1;1;1;1;1;1;1;1;1;1;1;1;1;1;1;1;1;1;1;1;1;1;1;1;1;1;1;1;1;2;1;1;1;1;1;1;1;1;1;1;1;1;1;1;;0.71614;37.7;1.017;0.1291;12.70%;0%;;60;0
Runners FHD 15 Mbit/H264;;;;;;;;;;;;;;;;;;;;;;;;;;;;;;;;;;;;;;;;;;;;;;;;;;;;;;;;;;;;;;;;;;;;;;
RunnersFHD15_0_1;2;2;3;3;2;2;3;3;3;3;2;3;3;2;2;2;2;3;3;2;3;2;3;3;2;2;2;3;3;2;2;2;3;3;2;2;3;3;3;3;2;3;3;2;2;2;2;3;3;2;3;2;3;3;2;2;2;3;3;2;;0.95086;85.07;2.5;0.5042;20.17%;50%;;60;30
RunnersFHD15_0_2;3;2;2;2;2;2;3;2;2;2;3;2;2;2;3;2;2;3;2;2;2;2;3;2;3;2;2;2;2;3;3;2;2;2;2;2;3;2;2;2;3;2;2;2;3;2;2;3;2;2;2;2;3;2;3;2;2;2;2;3;;0.90291;64.57;2.267;0.4459;19.67%;27%;;60;16
RunnersFHD15_0_3;2;2;1;2;2;2;2;2;2;2;2;1;1;1;2;1;2;2;1;1;2;2;2;1;2;2;1;1;1;2;1;1;2;1;2;1;2;2;2;1;1;2;1;2;2;1;2;2;1;2;1;2;1;1;2;2;1;1;1;2;;0.90818;56.18;1.567;0.4997;31.90%;0%;;60;0
RunnersFHD15_0_5;1;1;1;1;1;1;1;2;1;1;1;1;2;1;2;2;1;1;1;1;2;1;1;2;1;1;2;1;1;2;1;2;2;1;1;2;1;1;1;1;1;2;2;2;2;2;2;1;1;2;1;1;2;2;2;1;1;1;1;1;;0.8326;44.95;1.35;0.481;35.63%;0%;;60;0
RunnersFHD15_0_75;2;1;1;1;1;1;1;1;1;1;1;1;1;1;1;1;1;1;1;1;1;1;2;1;1;1;1;1;1;1;2;1;1;1;1;1;1;1;1;1;1;1;1;1;1;1;1;1;1;1;1;1;2;1;1;1;1;1;1;1;;0.78911;35.52;1.067;0.2515;23.58%;0%;;60;0
RunnersFHD15_1;1;1;1;1;1;1;1;1;1;1;1;1;1;1;1;1;1;1;1;1;1;1;1;1;1;1;1;1;1;1;1;1;1;1;1;1;1;1;1;1;1;1;1;1;1;1;1;1;1;1;1;1;1;1;1;1;1;1;1;1;;0.63422;27.78;1;0;0.00%;0%;;60;0
Runners FHD 5 Mbit/H264;;;;;;;;;;;;;;;;;;;;;;;;;;;;;;;;;;;;;;;;;;;;;;;;;;;;;;;;;;;;;;;;;;;;;;
RunnersFHD5_0_1;3;3;3;3;3;2;3;3;2;2;3;3;3;3;3;3;3;3;3;3;2;3;3;3;3;3;3;2;3;3;3;3;2;3;3;2;3;3;3;3;3;3;3;2;2;2;3;3;3;3;3;3;3;3;3;3;3;3;3;3;;0.98321;94.7;2.833;0.3758;13.26%;83%;;60;50
RunnersFHD5_0_2;3;3;3;3;3;3;3;3;3;3;2;3;3;3;3;3;3;3;2;3;3;3;3;3;3;3;2;2;3;3;3;3;3;3;3;3;3;3;3;3;2;3;3;3;3;2;3;3;2;3;3;3;3;3;3;3;2;2;3;3;;0.97187;91.09;2.85;0.3601;12.63%;85%;;60;51
RunnersFHD5_0_3;3;2;2;2;2;2;3;2;2;3;2;2;3;2;2;2;3;2;2;2;2;3;2;2;2;2;3;2;2;3;3;2;2;2;2;2;3;2;2;2;2;2;3;2;2;2;3;2;2;2;3;3;2;2;2;2;3;2;2;2;;0.90168;60.02;2.25;0.4367;19.41%;25%;;60;15
RunnersFHD5_0_5;2;2;1;2;2;2;2;1;2;2;2;2;2;2;1;2;2;2;2;2;2;1;2;2;2;2;2;2;2;2;2;2;1;2;2;2;2;1;2;2;2;2;2;2;1;2;2;2;2;2;2;1;2;2;2;2;2;2;2;2;;0.85814;67.54;1.867;0.3428;18.36%;0%;;60;0
RunnersFHD5_0_75;2;2;1;2;1;2;2;2;2;1;2;2;1;2;1;1;2;2;2;1;2;2;1;2;1;2;2;2;2;1;2;2;1;2;1;2;2;1;2;1;2;2;1;2;1;2;2;2;2;1;2;2;2;2;1;2;2;2;2;1;;0.83544;53.09;1.683;0.4691;27.87%;0%;;60;0
RunnersFHD5_1;2;2;1;1;1;1;1;2;1;1;2;2;1;1;1;1;2;1;1;1;1;1;2;2;2;1;1;1;1;1;2;2;2;1;1;1;1;1;1;1;1;2;1;1;1;1;2;1;1;2;1;1;1;2;2;1;1;1;1;1;;0.81544;43.01;1.283;0.4544;35.41%;0%;;60;0
Runners HD 10 Mbit/H264;;;;;;;;;;;;;;;;;;;;;;;;;;;;;;;;;;;;;;;;;;;;;;;;;;;;;;;;;;;;;;;;;;;;;;
RunnersHD10_0_1;4;3;3;4;4;3;3;3;4;2;2;3;3;3;3;4;3;3;3;3;3;3;3;4;4;3;3;3;3;3;3;3;3;4;3;3;3;3;3;3;4;3;3;4;4;3;4;4;4;3;3;3;3;3;3;4;3;3;3;3;;0.97902;92.79;3.217;0.4903;15.24%;97%;;60;58
RunnersHD10_0_2;4;3;3;3;3;4;3;3;3;3;3;3;2;4;4;3;3;4;2;4;3;3;3;3;3;3;3;3;3;3;3;3;3;3;3;3;3;3;3;3;4;3;3;3;3;4;3;3;3;3;3;3;3;4;4;3;3;3;3;3;;0.97857;92.24;3.133;0.4305;13.74%;97%;;60;58
RunnersHD10_0_3   ;1;2;3;3;2;3;2;3;2;2;2;1;2;3;2;2;2;2;3;3;2;2;2;3;3;3;3;2;2;2;2;2;2;3;3;3;3;2;2;2;2;2;3;3;2;3;2;3;2;2;2;2;2;3;2;2;2;2;3;3;;0.93132;81.86;2.333;0.542;23.23%;37%;;60;22
RunnersHD10_0_5;3;2;2;3;2;2;2;3;2;2;1;2;3;2;2;1;1;2;2;2;1;2;2;2;2;1;2;2;2;2;2;2;2;2;2;1;2;2;2;3;3;2;2;3;2;2;2;2;2;2;2;2;2;2;2;2;1;2;2;2;;0.87826;67.29;2;0.4871;24.36%;12%;;60;7
RunnersHD10_0_75;3;3;2;1;2;1;2;2;2;2;1;3;2;2;3;2;1;1;1;2;1;1;1;1;2;2;1;1;2;1;1;1;1;1;2;2;1;1;2;1;2;2;2;1;2;1;2;2;2;2;1;3;2;2;2;2;2;1;1;2;;0.8491;60.19;1.667;0.6289;37.73%;8%;;60;5
RunnersHD10_1;1;1;1;1;1;1;1;1;2;1;1;1;1;1;1;1;1;1;1;1;1;1;1;1;1;1;1;1;1;1;1;1;1;1;1;1;1;1;1;1;1;1;1;1;1;1;1;1;1;1;1;1;1;1;1;1;1;1;1;1;;0.78579;51.88;1.017;0.1291;12.70%;0%;;60;0
Runners HD 15 Mbit/H264;;;;;;;;;;;;;;;;;;;;;;;;;;;;;;;;;;;;;;;;;;;;;;;;;;;;;;;;;;;;;;;;;;;;;;
RunnersHD15_0_1;3;3;3;3;3;3;4;3;4;3;3;3;3;4;4;3;3;3;3;3;3;3;3;3;3;3;3;3;4;3;4;3;3;3;3;3;3;4;3;4;3;3;3;3;3;3;4;3;4;3;3;3;3;4;4;3;3;4;4;3;;0.97331;90.11;3.233;0.4265;13.19%;100%;;60;60
RunnersHD15_0_2;3;3;3;4;3;3;3;4;3;3;3;4;3;3;4;3;3;4;3;4;3;3;3;3;3;4;3;3;3;4;3;3;3;3;4;3;3;3;4;3;3;3;3;4;3;3;3;4;3;3;3;4;3;3;4;3;3;4;3;4;;0.97143;89.05;3.267;0.4459;13.65%;100%;;60;60
RunnersHD15_0_3;1;2;2;2;2;2;2;2;2;3;1;2;3;1;3;1;1;2;2;2;2;2;2;2;3;3;2;2;2;2;2;2;2;3;3;2;2;2;2;2;2;2;3;3;2;2;2;2;2;3;2;2;3;2;3;2;2;3;2;2;;0.89359;68.43;2.133;0.5357;25.11%;22%;;60;13
RunnersHD15_0_5;1;2;3;3;2;2;2;2;2;2;2;2;2;2;2;2;3;2;2;2;2;2;1;2;2;2;2;2;2;2;2;1;2;2;2;2;2;2;2;2;1;2;2;2;2;2;2;2;2;2;2;2;2;2;2;2;1;2;1;2;;0.86457;62.08;1.95;0.3873;19.86%;5%;;60;3
RunnersHD15_0_75;1;2;2;2;1;1;1;1;1;1;1;1;2;2;2;2;1;1;2;2;2;1;1;2;2;2;1;1;1;1;1;1;2;2;2;1;1;1;1;1;1;2;2;2;1;1;1;1;1;1;1;1;2;2;2;2;2;1;2;2;;0.74021;35.07;1.433;0.4997;34.86%;0%;;60;0
RunnersHD15_1;1;1;1;1;1;1;1;1;1;1;1;1;1;1;1;1;1;1;1;1;1;1;1;1;1;1;1;1;1;1;1;1;1;1;1;1;1;1;1;1;1;1;1;1;1;1;1;2;1;1;1;1;1;1;1;1;1;1;1;1;;0.71766;37.49;1.017;0.1291;12.70%;0%;;60;0
Runners HD 5 Mbit/H264;;;;;;;;;;;;;;;;;;;;;;;;;;;;;;;;;;;;;;;;;;;;;;;;;;;;;;;;;;;;;;;;;;;;;;
RunnersHD5_0_1;4;4;3;3;3;4;4;3;4;3;4;5;3;4;4;4;4;4;4;3;3;4;3;3;4;4;3;3;3;3;3;4;3;3;4;4;3;3;3;3;4;4;3;3;3;4;4;3;4;3;4;5;3;4;4;4;4;4;4;3;;0.97591;92.45;3.567;0.5635;15.80%;100%;;60;60
RunnersHD5_0_2;4;4;3;3;3;3;3;3;3;3;3;3;3;3;4;4;3;3;4;3;3;3;3;4;3;3;3;3;3;4;3;3;3;3;3;3;3;3;3;4;4;4;3;3;3;3;3;3;3;3;3;3;3;3;4;4;3;3;4;3;;0.97512;92.27;3.217;0.4155;12.92%;100%;;60;60
RunnersHD5_0_3;3;3;2;3;3;2;3;3;2;3;3;3;3;2;3;3;3;3;3;3;3;3;4;3;3;3;3;3;3;3;3;4;3;3;3;3;3;3;3;3;3;3;2;3;3;3;3;3;2;3;3;3;3;2;3;3;3;3;3;3;;0.93523;82.18;2.917;0.3814;13.08%;88%;;60;53
RunnersHD5_0_5      ;3;3;3;3;1;1;2;3;3;2;2;2;2;2;3;2;1;2;1;2;3;3;3;2;2;3;3;3;1;3;3;3;3;1;2;3;3;3;1;3;3;3;3;2;2;2;2;3;3;2;2;2;2;2;3;2;2;2;2;2;;0.89957;72.47;2.333;0.6806;29.17%;45%;;60;27
RunnersHD5_0_75;2;2;2;2;2;2;2;2;2;2;2;2;2;2;1;2;1;1;1;2;2;1;2;1;2;2;2;2;2;1;2;1;2;1;1;3;2;2;2;1;2;2;2;2;2;2;2;2;2;2;2;2;2;2;2;1;1;1;1;2;;0.87281;64.61;1.767;0.4646;26.30%;2%;;60;1
RunnersHD5_1;2;1;1;2;1;1;2;2;2;1;1;2;2;1;1;1;1;1;1;1;1;1;1;1;1;1;1;1;2;2;1;1;1;1;1;1;1;1;2;2;2;1;1;2;1;1;2;2;2;1;1;1;1;1;1;1;1;1;1;1;;0.74698;38.83;1.267;0.4459;35.21%;0%;;60;0
Runners UHD 10 Mbit/H264;;;;;;;;;;;;;;;;;;;;;;;;;;;;;;;;;;;;;;;;;;;;;;;;;;;;;;;;;;;;;;;;;;;;;;
RunnersUHD10_0_1;3;3;3;3;3;2;3;3;2;3;2;4;4;3;4;4;3;2;3;3;2;3;3;3;3;3;3;3;3;3;2;3;3;3;3;3;3;2;3;3;3;3;3;3;3;3;3;3;2;3;3;3;4;3;4;4;3;3;3;3;;0.9736;94.05;2.983;0.5039;16.89%;87%;;60;52
RunnersUHD10_0_2;3;3;3;3;2;4;3;3;3;3;2;3;3;3;3;3;3;2;3;2;2;2;3;2;3;2;2;2;3;3;2;3;3;2;3;2;2;2;3;2;3;3;3;3;3;3;3;3;3;3;3;3;3;3;3;3;3;2;3;3;;0.9686;93.57;2.733;0.4825;17.65%;72%;;60;43
RunnersUHD10_0_3;3;3;3;3;2;2;3;3;3;3;3;2;3;3;3;3;3;2;3;3;2;3;3;2;2;2;2;2;2;2;2;2;3;2;2;2;2;2;2;2;3;3;3;3;2;2;3;3;3;3;3;2;3;3;3;3;3;2;3;3;;0.94788;89.69;2.583;0.4972;19.25%;58%;;60;35
RunnersUHD10_0_5;2;2;2;1;1;1;1;1;1;1;1;2;2;1;2;3;2;2;2;3;1;1;2;1;1;1;2;1;2;1;1;1;2;1;1;1;2;1;2;1;2;2;2;2;1;1;1;1;1;1;1;2;2;2;2;2;2;2;2;2;;0.85574;70.13;1.533;0.5665;36.94%;3%;;60;2
RunnersUHD10_0_75;2;1;1;1;1;1;1;1;2;2;1;1;2;1;1;2;1;1;1;1;1;1;1;1;2;2;2;1;2;1;1;1;1;1;2;2;2;1;2;1;2;1;1;1;1;1;1;1;2;2;1;1;2;1;1;2;1;1;1;1;;0.81989;64.87;1.3;0.4621;35.55%;0%;;60;0
RunnersUHD10_1;1;1;1;1;1;1;1;1;1;1;1;1;1;1;1;1;1;1;1;1;1;1;1;1;1;1;1;1;1;1;1;1;1;1;1;1;1;1;1;1;1;1;1;1;1;1;1;1;1;1;1;1;1;1;1;1;1;1;1;1;;0.79515;61.63;1;0;0.00%;0%;;60;0
Runners UHD 15 Mbit/H264;;;;;;;;;;;;;;;;;;;;;;;;;;;;;;;;;;;;;;;;;;;;;;;;;;;;;;;;;;;;;;;;;;;;;;
RunnersUHD15_0_1;3;2;2;3;2;2;3;2;3;2;1;3;1;3;2;1;1;2;2;3;2;2;2;2;2;2;3;2;3;3;2;2;2;2;2;2;3;2;3;3;3;2;2;3;2;2;2;2;3;2;2;3;2;3;2;2;2;2;2;3;;0.93144;87.1;2.25;0.5712;25.39%;32%;;60;19
RunnersUHD15_0_2   ;1;1;2;2;2;2;2;2;2;2;2;3;2;2;3;2;1;2;2;2;1;2;1;2;2;2;2;2;2;2;2;2;2;2;2;2;2;2;2;2;2;1;1;2;3;2;2;2;2;2;2;2;2;2;3;2;2;2;2;2;;0.89557;78.78;1.95;0.4288;21.99%;7%;;60;4
RunnersUHD15_0_3;2;2;2;2;1;2;2;2;2;2;1;1;2;2;2;2;2;1;1;1;1;1;2;1;2;1;1;1;2;1;1;1;2;2;2;2;1;1;2;2;2;2;1;2;1;2;2;2;2;2;1;1;2;1;2;2;1;1;1;1;;0.85137;71.76;1.567;0.4997;31.90%;0%;;60;0
RunnersUHD15_0_5;1;1;1;1;1;1;1;1;1;1;1;1;1;1;1;1;1;1;1;1;1;1;1;1;1;1;2;2;2;2;1;1;1;1;1;1;2;2;2;2;1;1;1;1;1;1;1;1;1;1;1;1;1;1;1;1;1;1;1;1;;0.7918;63.47;1.133;0.3428;30.25%;0%;;60;0
RunnersUHD15_0_75    ;1;1;1;1;1;1;1;1;1;1;1;1;1;1;1;1;1;1;1;2;1;1;1;1;1;1;1;1;1;1;1;1;1;1;1;1;1;1;1;1;1;1;1;1;1;1;1;1;1;1;1;1;1;1;1;1;1;1;1;2;;0.72856;55.68;1.033;0.181;17.52%;0%;;60;0
RunnersUHD15_1;1;1;1;1;1;1;1;1;1;1;1;1;1;1;1;1;1;1;1;1;1;1;1;1;1;1;1;1;1;1;1;1;1;1;1;1;1;1;1;1;1;1;1;1;1;1;1;1;1;1;1;1;1;1;1;1;1;1;1;1;;0.67486;50.27;1;0;0.00%;0%;;60;0
Runners UHD 5 Mbit/H264;;;;;;;;;;;;;;;;;;;;;;;;;;;;;;;;;;;;;;;;;;;;;;;;;;;;;;;;;;;;;;;;;;;;;;
RunnersUHD5_0_1;4;3;3;3;3;3;4;3;3;3;3;3;3;3;5;3;3;3;3;3;3;3;3;3;3;3;3;3;3;3;3;3;3;3;3;3;3;3;3;3;4;3;5;3;3;3;4;4;4;3;3;4;3;3;5;3;3;3;3;4;;0.98737;96.81;3.233;0.5326;16.47%;100%;;60;60
RunnersUHD5_0_2;3;3;4;3;3;3;3;4;4;3;3;4;3;3;3;3;3;3;2;4;2;3;3;3;3;3;3;3;3;3;3;3;3;3;3;3;3;3;3;3;3;3;3;3;3;3;3;3;3;3;3;3;3;3;3;3;3;3;3;3;;0.98175;95.23;3.5;0.3407;11.17%;97%;;60;58
RunnersUHD5_0_3;3;3;3;2;2;3;3;2;4;2;2;2;3;2;2;3;3;2;3;2;2;2;2;3;3;3;2;2;3;3;2;2;3;3;3;2;2;3;3;2;3;3;3;2;2;3;3;2;3;3;2;2;3;2;2;3;3;2;3;2;;0.95773;90.31;2.533;0.5357;21.15%;52%;;60;31
RunnersUHD5_0_5      ;2;1;1;3;2;3;3;3;3;3;2;1;1;2;2;2;1;3;1;2;2;2;3;2;2;2;2;2;2;2;2;3;2;3;2;2;2;2;1;2;2;1;2;2;2;3;3;2;2;2;2;2;2;2;2;2;2;2;2;2;;0.93774;85.59;2.067;0.5783;27.98%;20%;;60;12
RunnersUHD5_0_75;2;2;2;2;2;2;2;2;2;2;2;2;1;1;1;1;1;2;2;2;2;2;1;1;1;1;1;1;2;1;2;1;1;1;1;1;1;2;1;2;2;2;2;2;2;2;2;2;2;2;2;2;1;1;1;1;1;2;2;2;;0.91764;81.73;1.6;0.494;30.88%;0%;;60;0
RunnersUHD5_1;1;1;1;1;1;1;1;1;1;1;1;1;1;1;1;1;1;1;1;1;1;1;1;1;1;1;1;1;1;1;1;1;1;1;1;1;1;1;1;1;1;1;1;1;1;1;1;1;1;1;1;1;1;1;1;1;1;1;1;1;;0.86424;75.95;1;0;0.00%;0%;;60;0
Runners FHD 10 Mbit/H265(HEVC);;;;;;;;;;;;;;;;;;;;;;;;;;;;;;;;;;;;;;;;;;;;;;;;;;;;;;;;;;;;;;;;;;;;;;
RunnersXFHD10_0_1;1;2;1;2;2;2;1;1;2;1;2;1;1;1;1;2;1;1;2;2;1;1;1;2;1;1;2;2;1;1;1;2;1;2;2;2;1;1;2;1;2;1;1;1;1;2;1;1;2;2;1;1;1;2;1;1;2;2;1;1;;0.90205;82.75;1.4;0.494;35.29%;0%;;60;0
RunnersXFHD10_0_2;1;1;1;1;1;1;1;2;1;1;1;2;1;1;1;2;1;1;1;1;2;2;1;1;1;1;1;1;2;1;1;1;1;1;1;1;1;2;1;1;1;2;1;1;1;2;1;1;1;1;2;1;1;1;1;1;1;1;1;1;;0.87536;81.68;1.167;0.3758;32.21%;0%;;60;0
RunnersXFHD10_0_3;1;1;1;1;2;1;1;1;1;1;2;1;1;1;1;2;2;1;1;1;1;1;2;1;1;1;1;1;1;1;1;1;1;1;2;1;1;1;1;1;2;1;1;1;1;2;2;1;1;1;1;1;2;1;1;1;1;1;1;1;;0.83367;65.53;1.167;0.3758;32.21%;0%;;60;0
RunnersXFHD10_0_5;1;1;1;1;1;1;1;1;1;2;2;1;2;1;1;1;1;1;1;1;1;1;1;1;1;1;1;1;1;2;2;1;1;1;1;1;1;1;1;2;1;1;2;1;1;1;2;1;1;1;1;1;1;1;1;1;1;1;1;1;;0.7678;35.97;1.133;0.3428;30.25%;0%;;60;0
RunnersXFHD10_0_75;2;1;1;1;1;1;1;1;1;1;2;1;1;1;1;1;1;1;1;1;1;1;2;1;1;1;1;1;1;1;1;2;1;1;1;1;1;1;1;1;1;2;1;1;1;1;1;1;1;1;1;1;1;2;1;1;1;1;1;1;;0.66766;40.64;1.1;0.3025;27.50%;0%;;60;0
RunnersXFHD10_1;2;1;1;1;1;1;1;1;1;1;1;1;1;1;1;1;1;1;1;1;2;1;1;1;1;1;1;1;1;1;1;1;1;1;1;1;1;1;1;1;1;1;1;1;1;1;1;1;1;2;1;1;1;1;1;1;1;1;1;1;;0.61861;33.2;1.5;0.2198;20.93%;0%;;60;0
Runners FHD 15 Mbit/H265(HEVC);;;;;;;;;;;;;;;;;;;;;;;;;;;;;;;;;;;;;;;;;;;;;;;;;;;;;;;;;;;;;;;;;;;;;;
RunnersXFHD15_0_1;1;1;1;2;2;2;2;1;2;2;2;1;1;1;2;2;2;2;1;2;2;2;2;2;2;1;2;1;1;2;1;1;1;2;2;2;2;1;2;2;2;1;1;1;2;2;2;2;2;2;2;2;2;1;1;1;2;1;2;2;;0.89552;79.46;1.633;0.486;29.75%;0%;;60;0
RunnersXFHD15_0_2;1;2;1;1;2;2;1;2;2;2;1;2;2;1;1;2;2;1;1;2;1;2;2;2;1;1;1;1;2;1;1;2;1;1;2;2;1;2;2;2;1;2;2;1;1;2;2;1;1;2;1;2;2;2;1;1;1;1;2;1;;0.8398;70.2;1.5;0.5042;33.61%;0%;;60;0
RunnersXFHD15_0_3;1;1;1;1;1;2;2;2;1;1;2;2;1;1;1;1;1;2;2;1;2;1;1;1;1;1;1;1;2;1;1;1;1;1;1;2;2;2;1;1;2;2;1;2;2;1;1;2;2;1;2;1;1;1;1;1;1;1;2;1;;0.77202;64.58;1.333;0.4754;35.65%;0%;;60;0
RunnersXFHD15_0_5;1;2;2;1;2;2;1;1;2;2;1;2;1;1;1;2;1;2;1;1;1;1;2;2;1;2;1;1;1;1;1;2;2;1;2;2;1;1;1;1;1;2;1;1;1;2;1;2;1;2;1;1;2;2;1;2;1;2;1;1;;0.66274;45.58;1.4;0.494;35.29%;0%;;60;0
RunnersXFHD15_0_75;2;1;1;1;1;1;1;1;1;1;1;1;1;1;1;1;1;1;1;1;1;1;1;1;1;1;1;1;1;1;1;1;1;1;1;1;1;1;1;1;1;1;1;1;1;1;1;1;1;1;1;1;1;1;1;1;1;1;1;1;;0.62791;39.47;1.017;0.1291;12.70%;0%;;60;0
RunnersXFHD15_1;1;1;1;1;1;1;1;1;1;1;1;1;1;1;1;1;1;1;1;1;1;1;1;1;1;1;1;1;1;1;1;1;1;1;1;1;1;1;1;1;1;1;1;2;1;1;1;1;1;1;1;1;1;1;1;1;1;1;1;1;;0.56032;28.6;1.017;0.1291;12.70%;0%;;60;0
Runners FHD 5 Mbit/H265(HEVC);;;;;;;;;;;;;;;;;;;;;;;;;;;;;;;;;;;;;;;;;;;;;;;;;;;;;;;;;;;;;;;;;;;;;;
RunnersXFHD5_0_1;2;2;3;2;2;3;2;2;3;2;2;2;2;3;3;2;3;3;2;2;2;2;2;3;3;3;2;2;2;2;2;2;3;2;2;3;2;2;3;2;3;2;2;3;2;2;3;3;2;2;2;2;2;3;2;2;2;3;3;3;;0.97891;79.25;2.35;0.481;20.47%;35%;;60;21
RunnersXFHD5_0_2;2;2;3;2;2;3;2;2;2;2;2;3;2;2;2;2;3;2;2;2;2;2;3;2;2;2;2;2;2;2;2;2;3;2;2;2;2;2;2;2;2;3;2;2;2;3;2;2;2;2;2;2;3;2;2;2;2;2;2;2;;0.95646;78.74;2.15;0.3601;16.75%;15%;;60;9
RunnersXFHD5_0_3;2;2;2;1;2;2;2;2;2;2;1;2;2;2;1;2;2;2;2;2;2;1;2;2;2;1;2;1;2;2;2;2;2;1;2;2;2;2;2;2;1;2;2;2;1;2;2;1;2;2;2;1;2;2;2;1;2;1;2;2;;0.89561;30.97;1.783;0.4155;23.30%;0%;;60;0
RunnersXFHD5_0_5;1;2;1;2;1;2;1;1;2;2;2;2;1;2;1;2;2;1;2;2;2;1;1;2;1;2;1;2;1;2;1;2;1;2;1;2;1;1;2;2;2;2;1;2;1;2;2;1;2;2;2;1;1;2;1;2;1;2;1;2;;0.80395;19.31;1.567;0.4997;31.90%;0%;;60;0
Runners HD 10 Mbit/H265(HEVC);;;;;;;;;;;;;;;;;;;;;;;;;;;;;;;;;;;;;;;;;;;;;;;;;;;;;;;;;;;;;;;;;;;;;;
RunnersXHD10_0_1;1;2;2;2;2;2;2;2;2;2;1;2;2;2;2;3;2;2;3;3;3;2;2;2;2;2;2;2;2;2;2;2;2;2;3;1;2;1;1;2;1;2;2;2;2;2;2;2;2;2;2;2;2;2;2;3;2;2;3;3;;0.91164;81.33;2.033;0.486;23.90%;13%;;60;8
RunnersXHD10_0_2;2;1;2;2;2;2;1;2;1;2;1;1;1;2;2;1;2;2;1;2;2;3;2;2;2;2;2;1;2;3;2;2;2;2;2;2;2;1;3;3;2;1;2;2;2;2;1;2;1;2;1;1;1;2;2;1;2;2;1;2;;0.86772;71.3;1.767;0.5635;31.90%;7%;;60;4
RunnersXHD10_0_3;2;3;1;1;1;1;1;1;1;1;2;1;2;2;2;1;2;1;1;2;2;1;2;1;1;1;1;1;1;2;2;1;2;1;1;1;1;1;1;2;2;2;2;1;1;1;1;1;1;1;2;1;2;2;2;1;2;1;1;2;;0.80478;54.12;1.4;0.5272;37.66%;2%;;60;1
RunnersXHD10_0_5;1;1;1;1;1;1;1;1;1;1;1;2;2;1;2;1;1;1;1;1;1;1;1;1;1;1;1;1;1;1;1;1;1;1;1;1;1;1;1;1;1;1;1;1;1;1;1;1;1;1;1;2;2;1;2;1;1;1;1;1;;0.68842;42.32;1.1;0.3025;27.50%;0%;;60;0
RunnersXHD10_0_75;1;2;1;1;1;1;1;1;1;1;1;1;1;1;1;1;1;1;1;1;1;1;1;2;1;2;1;1;2;2;1;1;1;2;1;2;1;1;2;1;1;2;1;1;1;1;1;1;1;1;1;1;1;1;1;1;1;1;1;1;;0.64554;29.78;1.15;0.3601;31.31%;0%;;60;0
RunnersXHD10_1;1;1;1;1;1;1;1;1;2;1;1;1;1;1;1;1;1;1;1;1;1;1;1;1;1;1;1;1;1;1;1;1;1;1;1;1;1;1;1;1;1;1;1;1;1;1;1;1;1;1;1;1;1;1;1;1;1;1;1;1;;0.57718;25.25;1.017;0.1291;12.70%;0%;;60;0
Runners HD 15 Mbit/H265(HEVC);;;;;;;;;;;;;;;;;;;;;;;;;;;;;;;;;;;;;;;;;;;;;;;;;;;;;;;;;;;;;;;;;;;;;;
RunnersXHD15_0_1;2;2;1;3;1;1;1;3;1;1;1;1;2;3;2;2;3;1;2;2;2;1;1;2;2;2;2;2;2;2;1;1;1;2;2;2;2;2;2;2;2;2;2;2;1;2;2;2;2;2;2;2;2;3;2;1;2;2;2;2;;0.86652;56.69;1.817;0.5672;31.22%;8%;;60;5
RunnersXHD15_0_3;2;2;3;2;1;1;1;1;1;1;1;1;1;1;1;2;2;1;2;1;1;1;2;1;2;1;1;1;1;1;1;1;2;1;2;1;1;1;1;1;2;2;2;2;1;1;1;1;1;1;1;1;1;1;1;2;2;1;2;1;;0.74373;53.06;1.317;0.5039;38.27%;2%;;60;1
RunnersXHD15_0_5;1;1;1;1;2;1;1;1;1;1;1;1;1;1;1;1;1;1;1;1;2;2;2;1;2;2;1;1;1;1;2;2;1;1;2;2;1;1;1;1;1;1;1;1;2;1;1;1;1;1;1;1;1;1;1;1;1;1;1;1;;0.68376;44.18;1.183;0.3902;32.98%;0%;;60;0
RunnersXHD15_0_75;1;1;2;1;1;1;1;1;1;1;1;1;1;1;1;1;1;1;1;1;1;1;2;1;1;1;1;1;1;1;1;1;1;1;1;1;1;1;1;1;1;1;1;1;1;1;1;1;1;1;1;2;1;1;1;1;1;1;1;1;;0.62924;36.64;1.5;0.2198;20.93%;0%;;60;0
RunnersXHD15_1;1;1;1;1;1;1;1;1;1;1;1;1;1;1;1;1;1;1;1;1;1;1;1;1;1;1;1;1;1;1;1;1;1;1;1;1;1;1;1;1;1;1;1;1;1;1;1;1;1;1;1;1;1;1;1;1;1;1;1;1;;0.53176;30.15;1;0;0.00%;0%;;60;0
Runners HD 5 Mbit/H265(HEVC);;;;;;;;;;;;;;;;;;;;;;;;;;;;;;;;;;;;;;;;;;;;;;;;;;;;;;;;;;;;;;;;;;;;;;
RunnersXHD5_0_1;3;2;2;3;3;3;3;3;3;2;1;1;2;2;3;2;3;2;2;3;2;2;2;3;3;2;2;2;3;3;2;2;3;3;3;2;2;2;2;3;3;2;2;3;3;3;3;3;2;2;2;2;2;2;2;2;3;2;2;3;;0.9554;90.09;2.4;0.5584;23.27%;43%;;60;26
RunnersXHD5_0_2;2;3;3;2;2;1;2;2;3;2;2;1;2;2;3;2;1;2;2;2;2;2;2;2;2;2;2;2;3;2;2;2;2;2;2;2;2;2;3;2;2;3;2;2;2;2;2;2;3;2;2;1;2;2;2;2;2;2;2;2;;0.9482;89.11;2.067;0.4459;21.58%;13%;;60;8
RunnersXHD5_0_3;3;2;1;3;2;2;2;1;3;2;1;2;2;3;2;2;1;1;3;3;2;2;2;2;2;2;1;3;2;2;2;2;2;2;2;2;1;1;2;2;3;2;1;3;2;2;2;2;2;2;2;2;2;2;2;3;2;2;2;3;;0.93956;87.02;2.033;0.5813;28.59%;18%;;60;11
RunnersXHD5_0_5;3;2;1;2;1;1;2;2;1;2;2;3;2;2;2;2;2;2;1;1;1;2;2;2;2;2;1;1;2;2;2;2;2;2;2;2;1;2;2;2;2;2;1;2;1;1;2;2;2;2;2;2;2;2;2;2;1;1;1;2;;0.85364;59.67;1.767;0.4997;28.29%;3%;;60;2
RunnersXHD5_0_75;1;1;2;1;1;1;1;1;1;1;1;1;1;2;2;2;2;1;1;1;1;1;2;1;2;1;1;2;2;2;1;1;2;1;2;1;1;2;2;2;1;1;2;1;1;1;1;1;1;1;1;1;1;2;2;2;2;1;1;1;;0.75063;54.16;1.333;0.4754;35.65%;0%;;60;0
RunnersXHD5_1;1;1;1;1;1;1;1;1;1;1;1;1;1;1;1;1;1;1;1;1;1;1;1;1;1;1;1;1;1;1;1;1;1;1;1;1;1;1;1;1;1;1;1;1;1;1;1;1;1;1;1;1;1;1;1;1;1;1;1;1;;0.65942;30.89;1;0;0.00%;0%;;60;0
Runners UHD 10 Mbit/H265(HEVC);;;;;;;;;;;;;;;;;;;;;;;;;;;;;;;;;;;;;;;;;;;;;;;;;;;;;;;;;;;;;;;;;;;;;;
RunnersXUHD10_0_1;2;3;2;2;2;1;3;2;2;2;3;2;2;2;2;2;3;2;2;2;2;3;3;2;3;2;2;3;2;2;2;3;3;2;3;2;2;3;2;2;2;3;2;2;2;2;3;2;2;2;3;2;2;2;2;2;3;2;2;2;;0.95058;93.54;2.25;0.4739;21.06%;27%;;60;16
RunnersXUHD10_0_2 ;2;2;1;2;2;2;2;2;1;2;1;1;1;2;2;3;2;2;1;3;2;2;1;2;2;2;2;2;2;2;2;2;1;2;2;2;2;2;2;1;1;2;1;2;2;2;2;2;2;2;2;1;1;2;2;2;2;2;2;2;;0.92875;87.35;1.817;0.4691;25.82%;3%;;60;2
RunnersXUHD10_0_3;2;2;1;2;1;2;2;2;2;2;1;2;2;2;2;2;1;1;1;1;1;2;2;2;2;2;2;2;2;2;1;1;2;2;2;2;2;2;2;1;2;2;1;2;1;2;2;2;2;2;1;2;2;2;2;2;1;1;1;1;;0.89609;83.64;1.7;0.4621;27.18%;0%;;60;0
RunnersXUHD10_0_5;2;1;2;2;2;2;2;1;2;2;1;2;1;2;2;2;2;2;2;1;2;2;2;2;1;2;2;1;2;2;2;2;2;2;1;2;2;2;2;2;2;1;2;2;2;1;1;1;2;2;1;2;1;2;2;2;2;2;1;1;;0.841;72.02;1.733;0.4459;25.73%;0%;;60;0
RunnersXUHD10_0_75;1;1;1;1;1;1;1;1;1;1;1;1;1;1;1;1;1;1;1;1;1;1;1;1;1;2;2;2;2;2;1;1;1;1;1;2;2;2;2;2;1;1;1;1;1;1;1;1;1;1;1;1;1;1;1;1;1;1;1;1;;0.71219;54.38;1.167;0.3758;32.21%;0%;;60;0
RunnersXUHD10_1;1;1;1;1;1;1;1;1;1;1;1;1;1;1;1;1;1;1;1;1;1;1;1;1;1;1;1;1;1;1;1;1;1;1;1;1;1;1;1;1;1;1;1;1;1;1;1;1;1;1;1;1;1;1;1;1;1;1;1;1;;0.63462;60.15;1;0;0.00%;0%;;60;0
Runners UHD 15 Mbit/H265(HEVC);;;;;;;;;;;;;;;;;;;;;;;;;;;;;;;;;;;;;;;;;;;;;;;;;;;;;;;;;;;;;;;;;;;;;;
RunnersXUHD15_0_1;2;2;2;2;2;1;1;2;1;1;2;2;2;2;2;2;2;3;1;2;2;2;1;1;3;2;2;3;2;2;2;2;1;2;2;2;2;3;2;2;2;2;2;2;2;2;1;1;2;1;1;2;2;2;2;2;2;2;2;2;;0.90255;85.84;1.867;0.5031;26.95%;7%;;60;4
RunnersXUHD15_0_3   ;1;1;1;1;2;2;1;2;2;1;1;1;1;1;2;1;1;1;2;1;2;2;1;1;1;1;2;1;1;1;1;2;1;1;1;1;2;1;1;1;1;1;1;1;1;2;2;1;2;2;1;1;1;1;1;2;1;1;1;2;;0.83531;82.01;1.283;0.4544;35.41%;0%;;60;0
RunnersXUHD15_0_5  ;1;1;1;1;1;1;1;2;1;1;1;1;1;1;1;1;1;1;1;1;1;1;1;1;1;1;1;1;1;1;1;1;1;1;1;1;1;1;1;1;1;2;1;1;1;1;1;1;1;1;1;1;1;1;1;1;1;1;1;1;;0.73415;63.56;1.033;0.181;17.52%;0%;;60;0
Runners UHD 5 Mbit/H265(HEVC);;;;;;;;;;;;;;;;;;;;;;;;;;;;;;;;;;;;;;;;;;;;;;;;;;;;;;;;;;;;;;;;;;;;;;
RunnersXUHD5_0_1;2;2;2;3;2;2;3;3;3;3;3;2;3;2;3;2;1;3;3;3;3;3;2;2;2;3;2;2;2;3;3;3;2;2;2;3;2;2;2;3;2;2;2;3;2;2;3;3;3;3;3;2;3;2;3;2;2;3;3;3;;0.96382;93.87;2.483;0.5365;21.60%;50%;;60;30
RunnersXUHD5_0_2;2;2;2;2;2;3;3;3;3;2;1;2;3;1;2;1;1;2;3;2;2;2;2;2;2;2;2;2;2;2;2;2;2;2;2;2;2;2;2;3;2;2;2;2;2;3;3;3;3;2;2;2;2;2;2;2;2;2;2;2;;0.9417;90.3;2.117;0.4903;23.16%;18%;;60;11
RunnersXUHD5_0_3;2;3;1;2;2;3;2;3;2;1;2;1;2;1;2;2;2;2;2;2;2;3;3;2;2;2;2;3;3;2;2;3;3;2;3;2;2;2;2;2;2;2;2;2;2;2;2;2;1;1;2;2;2;2;2;2;2;2;2;2;;0.93025;86.44;2.067;0.5164;24.99%;17%;;60;10
RunnersXUHD5_0_5;2;1;1;2;2;1;2;2;2;2;1;1;3;1;3;1;1;1;2;1;2;2;2;2;2;3;3;2;2;2;2;2;2;2;2;2;2;2;2;2;2;2;2;2;2;2;2;2;2;2;2;2;2;2;2;1;1;1;2;1;;0.88825;78.74;1.833;0.5262;28.70%;7%;;60;4
RunnersXUHD5_0_75 ;2;2;1;1;1;1;1;1;1;2;1;1;1;1;1;2;2;1;1;2;2;1;1;1;2;2;2;1;2;1;2;1;1;1;2;2;2;1;2;1;2;2;1;1;1;1;1;1;1;2;1;1;1;1;1;2;2;1;1;2;;0.85816;76.53;1.367;0.486;35.56%;0%;;60;0
RunnersXUHD5_1;1;1;1;1;1;1;1;1;1;1;1;1;1;1;1;1;1;1;1;1;1;1;1;1;1;1;1;1;1;1;1;1;1;1;1;1;1;1;1;1;1;1;1;1;1;1;1;1;1;1;1;1;1;1;1;1;1;1;1;1;;0.84527;75.45;1;0;0.00%;0%;;60;0
Wood FHD 10 Mbit/H264;;;;;;;;;;;;;;;;;;;;;;;;;;;;;;;;;;;;;;;;;;;;;;;;;;;;;;;;;;;;;;;;;;;;;;
WoodFHD10_0_1;3;3;3;4;4;4;5;4;4;3;3;3;3;3;3;3;4;4;5;5;5;4;4;5;3;4;3;3;3;3;3;3;3;4;4;4;5;4;4;3;3;3;3;3;3;3;4;4;5;5;5;4;4;5;3;4;3;3;3;3;;0.95553;95.85;3.667;0.7516;20.50%;100%;;60;60
WoodFHD10_0_2;3;3;3;3;3;3;4;4;3;3;3;3;3;3;3;3;3;3;3;3;3;3;3;3;3;3;3;3;4;3;3;3;3;3;3;3;4;3;3;3;3;3;4;3;3;3;3;3;3;3;3;3;3;3;3;4;3;3;4;3;;0.91183;90.33;3.117;0.3237;10.39%;100%;;60;60
WoodFHD10_0_3;3;3;3;4;3;3;3;3;3;2;2;2;3;3;3;3;3;3;3;3;3;3;2;2;3;3;3;3;3;3;2;2;2;2;3;3;3;3;2;3;2;2;3;3;3;4;3;2;3;3;3;3;2;2;3;3;3;3;2;4;;0.85983;81.5;2.783;0.5237;18.82%;73%;;60;44
WoodFHD10_0_5;2;1;2;1;1;2;1;2;1;1;2;1;2;1;2;1;1;2;2;1;2;1;1;1;2;2;2;1;1;1;2;1;2;1;1;2;1;2;1;2;2;1;2;1;2;2;2;1;1;1;2;1;1;1;2;2;2;1;1;1;;0.76276;71.66;1.45;0.5017;34.60%;0%;;60;0
WoodFHD10_0_75;1;1;1;2;2;1;1;1;1;1;2;1;2;2;2;1;1;1;1;1;1;1;1;1;2;2;1;1;1;2;1;1;1;2;2;1;1;1;1;1;2;1;2;2;2;1;1;1;1;1;1;1;1;1;2;2;1;1;1;2;;0.72527;23.82;1.3;0.4621;35.55%;0%;;60;0
WoodFHD10_1;1;1;2;2;1;1;2;2;1;1;1;1;1;1;1;1;1;1;1;1;1;1;1;1;1;1;1;1;1;2;1;1;2;2;1;1;2;2;1;1;1;1;1;1;1;1;1;1;1;1;1;1;1;1;1;1;1;1;1;1;;0.71614;16.54;1.15;0.3601;31.31%;0%;;60;0
Wood FHD 15 Mbit/H264;;;;;;;;;;;;;;;;;;;;;;;;;;;;;;;;;;;;;;;;;;;;;;;;;;;;;;;;;;;;;;;;;;;;;;
WoodFHD15_0_1;3;3;3;4;3;3;3;4;3;3;2;3;3;3;3;3;3;3;3;3;3;3;3;3;3;3;2;2;2;3;3;3;3;3;4;3;3;4;2;2;2;3;3;3;3;3;3;3;3;3;3;3;3;3;3;3;3;2;2;3;;0.94954;93.25;2.917;0.4618;15.83%;85%;;60;51
WoodFHD15_0_2;2;2;2;2;2;2;3;3;2;2;2;2;2;3;2;2;2;2;3;3;2;3;2;2;3;3;2;3;2;2;3;2;2;3;3;2;2;2;2;3;3;2;2;2;2;2;2;2;3;2;2;3;2;2;2;2;2;2;2;2;;0.83585;80.97;2.267;0.4459;19.67%;27%;;60;16
WoodFHD15_0_3;3;3;3;2;2;2;2;2;1;2;2;2;2;2;2;2;1;1;2;1;2;2;2;2;3;2;2;2;1;2;3;3;2;2;2;2;2;2;2;2;2;2;2;2;1;2;2;1;2;2;2;2;1;2;3;2;1;2;1;2;;0.77539;75.58;1.95;0.5344;27.41%;12%;;60;7
WoodFHD15_0_5;2;2;2;2;1;2;1;1;1;1;2;2;2;1;2;2;1;1;1;2;2;2;2;1;2;2;1;2;2;2;2;2;2;2;2;2;1;1;1;2;2;2;2;2;2;2;1;1;2;2;2;2;2;1;2;2;2;1;1;1;;0.76105;54.38;1.667;0.4754;28.52%;0%;;60;0
WoodFHD15_0_75;2;1;1;1;1;1;1;1;1;1;1;1;1;1;1;1;1;1;1;1;1;1;1;1;1;1;1;1;1;1;2;1;1;1;1;1;1;1;1;1;1;1;1;1;1;1;1;1;1;1;1;1;1;1;1;1;1;1;1;1;;0.73508;45.82;1.033;0.181;17.52%;0%;;60;0
WoodFHD15_1;1;1;1;1;1;1;1;1;1;1;1;1;1;1;1;1;1;1;1;1;2;1;1;1;1;1;1;1;1;1;1;1;1;1;1;1;1;1;1;1;1;1;1;1;1;1;1;1;1;1;2;1;1;1;1;1;1;1;1;1;;0.69923;18.4;1.033;0.181;17.52%;0%;;60;0
Wood FHD 5 Mbit/H264;;;;;;;;;;;;;;;;;;;;;;;;;;;;;;;;;;;;;;;;;;;;;;;;;;;;;;;;;;;;;;;;;;;;;;
WoodFHD5_0_1;2;2;3;3;2;3;3;3;2;2;2;3;3;2;2;2;2;2;2;2;3;3;2;2;2;2;2;2;3;2;2;2;2;2;2;3;3;3;2;2;2;3;3;2;2;2;2;2;3;2;2;3;2;2;2;3;3;3;2;3;;0.97979;92.42;2.35;0.481;20.47%;35%;;60;21
WoodFHD5_0_2;2;2;2;2;2;2;2;2;2;2;3;2;2;2;2;2;2;2;2;1;2;1;2;2;2;2;3;2;1;2;1;2;2;2;2;2;2;2;2;2;2;1;2;2;2;2;2;1;2;1;2;2;2;1;2;3;2;2;2;2;;0.94281;89.52;1.917;0.4235;22.10%;5%;;60;3
WoodFHD5_0_3;1;2;2;2;2;2;1;2;1;1;2;1;2;1;1;1;1;1;1;1;1;1;2;2;2;2;1;2;1;2;1;2;1;1;2;2;1;2;2;2;2;1;2;1;1;1;1;2;2;2;2;2;2;1;2;2;2;2;2;2;;0.8928;82.33;1.567;0.4997;31.90%;0%;;60;0
WoodFHD5_0_5;1;2;2;1;2;2;1;1;1;1;2;1;2;1;2;1;1;1;1;2;2;2;1;1;2;2;2;1;1;1;1;2;2;1;2;2;1;1;1;1;1;1;1;1;1;1;1;1;2;1;1;1;1;1;1;1;1;1;1;2;;0.78046;55.53;1.317;0.4691;35.63%;0%;;60;0
WoodFHD5_0_75;1;1;1;1;1;1;2;1;1;1;2;1;2;1;1;1;1;1;1;1;1;1;1;1;1;2;1;1;1;1;1;1;1;1;1;1;2;1;1;1;2;1;2;1;1;1;1;1;1;1;1;1;1;1;1;2;1;1;1;1;;0.76148;48.47;1.133;0.3428;30.25%;0%;;60;0
WoodFHD5_1;1;1;1;1;1;1;1;1;1;1;1;1;1;2;1;1;1;1;1;1;1;1;1;1;1;1;1;1;1;1;1;1;1;1;1;1;1;1;1;1;1;1;1;1;1;1;2;1;1;1;1;1;1;1;1;1;1;1;1;1;;0.72112;23.9;1.033;0.181;17.52%;0%;;60;0
Wood HD 10 Mbit/H264;;;;;;;;;;;;;;;;;;;;;;;;;;;;;;;;;;;;;;;;;;;;;;;;;;;;;;;;;;;;;;;;;;;;;;
WoodHD10_0_1;4;4;3;4;3;3;4;4;3;4;4;4;5;4;4;3;4;4;4;5;3;4;5;4;3;3;4;3;3;4;4;4;5;4;3;3;4;3;3;4;4;4;3;4;3;3;4;4;3;4;4;4;5;4;4;3;4;4;4;5;;0.93452;89.96;3.783;0.6132;16.21%;100%;;60;60
WoodHD10_0_2;4;4;4;4;3;3;4;4;4;4;4;4;3;4;4;3;3;3;4;3;4;3;3;3;3;3;4;3;4;4;4;3;4;3;3;3;4;3;4;4;4;4;4;4;3;3;4;4;4;4;4;4;3;4;4;3;3;3;4;3;;0.89953;86.02;3.583;0.4972;13.87%;100%;;60;60
WoodHD10_0_3                 ;4;3;3;2;2;2;4;3;3;3;3;2;3;2;3;3;3;3;2;3;3;3;3;3;3;3;3;3;3;4;3;3;3;3;3;3;3;3;3;3;4;4;4;3;3;2;4;3;3;3;3;3;3;3;3;3;3;3;4;3;;0.75062;58.45;3.017;0.5039;16.71%;88%;;60;53
WoodHD10_0_5;4;4;4;3;3;2;3;2;3;3;3;3;3;2;3;3;3;3;4;3;4;3;3;3;3;3;3;3;3;3;4;3;3;3;3;3;3;2;3;3;3;3;3;3;3;2;3;2;3;3;3;3;3;2;3;3;3;3;3;3;;0.67543;54.87;2.983;0.4691;15.72%;88%;;60;53
WoodHD10_0_75                           ;3;2;3;2;3;2;2;2;3;3;2;1;3;3;2;2;2;2;2;1;3;3;3;3;1;1;1;2;2;3;3;3;3;3;2;2;2;2;2;3;3;2;3;2;2;2;3;2;3;3;2;2;3;1;2;2;2;2;3;2;;0.61899;46.03;2.3;0.6457;28.07%;40%;;60;24
WoodHD10_1;3;3;2;1;2;2;2;2;2;3;2;2;2;2;2;2;1;2;2;2;3;2;3;2;2;2;2;2;2;2;3;2;3;2;2;2;2;2;2;2;3;3;2;2;2;2;2;3;2;3;2;2;2;2;2;2;2;2;2;2;;0.60199;46.07;2.15;0.4444;20.67%;18%;;60;11
Wood HD 15 Mbit/H264;;;;;;;;;;;;;;;;;;;;;;;;;;;;;;;;;;;;;;;;;;;;;;;;;;;;;;;;;;;;;;;;;;;;;;
WoodHD15_0_1;4;3;3;3;3;4;4;4;3;3;4;3;3;4;4;4;4;4;3;3;4;4;4;4;4;4;3;3;3;4;4;4;4;4;4;4;3;3;3;4;4;3;3;3;3;4;4;4;4;3;4;3;3;4;4;4;4;4;3;3;;0.92667;87.77;3.583;0.4972;13.87%;100%;;60;60
WoodHD15_0_2;4;3;3;4;4;3;3;4;3;3;3;3;3;4;3;3;3;3;3;3;3;4;3;3;4;4;3;3;3;3;3;4;3;3;4;4;3;3;3;3;3;3;3;3;3;3;3;4;3;4;3;3;3;4;3;3;3;3;3;3;;0.88735;84.07;3.233;0.4265;13.19%;100%;;60;60
WoodHD15_0_3;3;2;3;3;3;3;3;3;4;3;3;3;3;3;3;3;3;3;3;3;3;2;3;3;2;2;3;2;3;3;3;2;3;3;2;2;3;2;3;3;3;3;3;3;3;3;3;3;3;3;3;3;3;3;3;3;3;3;3;3;;0.74334;41.63;2.867;0.3891;13.57%;85%;;60;51
WoodHD15_0_5;3;2;3;3;3;2;3;3;3;3;1;3;3;3;3;3;2;2;2;2;2;2;2;3;3;2;3;2;2;3;2;2;2;3;3;2;3;2;2;3;3;2;3;3;3;2;3;3;3;3;2;3;3;3;3;3;2;2;2;2;;0.71401;35.71;2.55;0.5344;20.96%;57%;;60;34
WoodHD15_0_75;2;3;2;1;2;2;3;2;3;2;2;3;3;3;2;2;1;1;2;2;1;2;1;2;2;2;2;2;2;2;2;2;2;2;3;2;2;2;2;3;3;2;2;2;2;2;2;2;2;3;2;2;2;2;2;2;2;1;2;2;;0.60417;33.84;2.067;0.5164;24.99%;17%;;60;10
WoodHD15_1;2;2;3;2;3;2;2;2;3;2;2;3;3;3;2;2;2;2;2;2;1;1;2;2;2;1;1;2;1;2;1;1;2;2;2;2;1;2;2;2;2;2;2;2;2;2;2;2;2;2;2;2;2;2;2;2;2;2;2;2;;0.59096;31.71;1.967;0.486;24.71%;10%;;60;6
Wood HD 5 Mbit/H264;;;;;;;;;;;;;;;;;;;;;;;;;;;;;;;;;;;;;;;;;;;;;;;;;;;;;;;;;;;;;;;;;;;;;;
WoodHD5_0_1;4;3;3;4;4;4;4;4;5;4;4;5;4;3;4;4;5;3;3;4;4;3;3;4;4;4;3;4;3;3;4;3;3;4;4;4;3;4;3;3;4;3;3;4;4;4;4;3;5;4;4;5;4;3;4;4;4;4;3;4;;0.9463;89.64;3.75;0.6001;16.00%;100%;;60;60
WoodHD5_0_2;4;4;4;4;3;3;4;3;4;4;3;4;4;4;4;4;4;4;4;4;4;4;4;4;3;4;4;3;3;3;4;4;4;4;3;4;4;3;3;3;4;4;4;4;3;3;4;4;4;4;3;4;4;4;4;4;4;3;4;4;;0.9416;90.45;3.733;0.4459;11.95%;100%;;60;60
WoodHD5_0_3;2;2;2;2;3;2;2;3;2;2;3;3;2;2;3;3;3;3;3;3;3;3;3;3;3;3;3;3;3;3;3;3;3;3;3;3;3;3;3;2;2;3;3;3;3;3;3;3;3;3;3;3;3;3;2;3;3;3;3;3;;0.81954;77.25;2.783;0.4155;14.93%;78%;;60;47
WoodHD5_0_5;2;2;3;3;3;3;3;3;3;3;2;3;3;3;3;3;2;3;3;3;3;3;3;3;3;3;3;3;3;2;3;3;3;3;3;3;3;3;2;2;2;3;3;3;3;3;3;3;3;3;2;3;3;3;3;3;2;3;3;3;;0.73221;55.6;2.833;0.3758;13.26%;83%;;60;50
WoodHD5_0_75;3;3;2;3;3;3;3;3;3;3;2;3;2;2;2;2;2;2;3;3;3;3;2;3;3;3;3;3;2;2;3;3;2;2;2;3;3;2;2;2;2;3;3;3;3;3;3;3;3;3;2;3;2;2;2;2;2;2;3;3;;0.62468;47.73;2.583;0.4972;19.25%;58%;;60;35
WoodHD5_1;3;2;3;2;3;2;2;2;2;2;2;2;2;3;3;1;2;2;2;3;3;3;3;1;3;2;2;2;2;2;3;3;3;2;2;2;2;3;2;2;3;2;3;2;3;2;2;2;2;2;2;2;2;3;3;2;2;2;2;3;;0.61991;27.6;2.3;0.5304;23.06%;33%;;60;20
Wood UHD 10 Mbit/H264;;;;;;;;;;;;;;;;;;;;;;;;;;;;;;;;;;;;;;;;;;;;;;;;;;;;;;;;;;;;;;;;;;;;;;
WoodUHD10_0_1;3;3;3;3;3;4;3;3;4;3;3;3;3;4;3;3;3;3;3;4;3;4;3;3;3;3;3;4;3;3;3;4;3;3;3;3;3;4;3;3;3;3;3;3;3;4;3;3;4;3;3;3;3;4;3;3;3;3;3;4;;0.92561;89.03;3.2;0.4034;12.61%;100%;;60;60
WoodUHD10_0_2;3;3;4;3;3;3;4;3;4;3;4;3;3;3;2;2;3;3;4;3;4;2;4;4;4;3;4;4;3;3;3;3;4;3;4;3;4;3;3;3;3;3;4;3;3;3;4;3;4;3;4;3;3;3;3;3;2;3;3;3;;0.91861;89.09;3.233;0.5635;17.43%;93%;;60;56
WoodUHD10_0_3;3;1;1;3;3;2;2;2;3;1;1;1;2;1;1;2;1;2;2;3;2;2;3;3;1;3;3;2;2;3;2;2;2;3;2;2;3;3;3;3;2;2;2;2;3;2;2;2;2;2;2;1;2;1;1;2;2;2;2;2;;0.85548;80;2.067;0.6856;33.17%;27%;;60;16
WoodUHD10_0_5;2;2;2;2;2;2;2;2;1;2;1;1;2;1;1;2;1;1;1;1;1;1;1;2;1;1;2;2;1;2;1;1;1;2;2;1;1;1;1;2;2;1;2;2;2;2;2;2;1;2;1;1;2;1;1;2;1;1;1;1;;0.77068;68.19;1.467;0.5031;34.30%;0%;;60;0
WoodUHD10_0_75;2;2;1;1;2;2;1;1;1;1;1;1;1;1;1;1;1;2;2;2;1;2;1;1;1;1;1;1;1;1;1;2;1;1;1;1;1;1;1;1;2;2;1;1;2;2;1;1;1;1;1;1;1;1;1;1;1;2;2;2;;0.71785;44.44;1.267;0.4459;35.21%;0%;;60;0
WoodUHD10_1;1;1;1;1;1;1;1;1;1;1;1;1;1;1;1;1;1;1;1;1;1;1;1;1;1;1;1;1;1;1;1;1;1;1;1;1;1;1;1;1;1;1;1;1;1;1;1;1;1;1;1;1;1;1;1;1;1;1;1;1;;0.66128;44.55;1;0;0.00%;0%;;60;0
Wood UHD 15 Mbit/H264;;;;;;;;;;;;;;;;;;;;;;;;;;;;;;;;;;;;;;;;;;;;;;;;;;;;;;;;;;;;;;;;;;;;;;
WoodUHD15_0_1;3;2;3;3;2;2;3;3;3;3;3;2;2;2;2;2;2;2;2;2;2;2;2;2;3;2;2;3;3;3;2;2;2;2;3;2;2;3;3;3;3;3;3;3;2;2;3;3;3;3;3;2;2;2;2;2;2;2;2;2;;0.91146;88.79;2.417;0.4972;20.57%;42%;;60;25
WoodUHD15_0_2;3;3;3;2;3;2;3;2;2;3;2;3;3;2;2;3;3;2;2;2;2;2;2;2;2;2;2;3;3;2;2;2;2;2;2;2;2;3;3;2;3;2;2;2;3;2;3;2;2;3;2;3;3;2;2;3;3;2;2;2;;0.9065;88.21;2.367;0.486;20.53%;37%;;60;22
WoodUHD15_0_3;2;3;2;2;3;3;2;2;2;2;1;2;3;1;1;1;2;1;2;2;1;3;1;2;1;2;2;2;2;2;2;2;2;2;1;2;1;2;2;3;2;2;2;2;3;3;2;2;2;2;2;2;2;1;1;1;2;1;2;2;;0.84322;82.04;1.9;0.6023;31.70%;13%;;60;8
WoodUHD15_0_5;2;2;1;2;1;1;1;1;1;1;1;1;1;1;1;1;1;1;1;1;3;2;1;2;2;2;2;2;2;2;2;2;2;2;2;2;2;2;2;2;2;2;2;2;2;1;1;1;1;1;1;1;1;1;1;1;1;1;1;1;;0.7487;70.54;1.467;0.5357;36.53%;2%;;60;1
WoodUHD15_0_75;2;1;1;1;1;2;1;1;1;1;1;1;2;1;1;2;1;1;1;1;1;2;1;2;1;1;2;1;1;1;1;2;1;2;1;1;2;1;1;1;2;1;1;1;1;2;1;1;1;1;1;1;2;1;1;2;1;1;1;1;;0.59582;65.96;1.233;0.4265;34.58%;0%;;60;0
WoodUHD15_1;1;1;1;1;2;1;1;1;1;1;1;1;1;1;1;1;1;1;1;1;1;1;1;1;2;1;1;1;1;1;1;1;1;1;1;1;1;1;1;1;1;1;1;1;1;1;1;1;1;1;1;1;1;1;1;2;1;1;1;1;;0.5602;59.65;1.5;0.2198;20.93%;0%;;60;0
Wood UHD 5 Mbit/H264;;;;;;;;;;;;;;;;;;;;;;;;;;;;;;;;;;;;;;;;;;;;;;;;;;;;;;;;;;;;;;;;;;;;;;
WoodUHD5_0_1;3;3;3;4;3;3;3;3;4;3;3;3;3;3;3;3;3;3;4;3;3;3;3;3;3;3;3;3;3;3;3;3;3;3;3;3;3;3;3;3;3;3;3;3;3;3;4;3;4;3;3;3;3;3;3;3;3;3;4;3;;0.96528;95.31;3.1;0.3025;9.76%;100%;;60;60
WoodUHD5_0_2;3;3;3;3;3;3;3;2;3;3;3;3;3;2;3;2;2;3;3;3;3;3;3;3;3;3;3;2;3;2;3;3;3;3;3;3;3;2;3;2;3;3;3;3;3;3;3;3;3;3;3;3;3;3;3;3;3;3;3;3;;0.95121;94.85;2.867;0.3428;11.96%;87%;;60;52
WoodUHD5_0_3;3;3;3;2;2;2;2;2;1;2;2;3;3;3;3;3;3;3;3;3;3;3;1;2;2;2;2;2;2;2;3;2;2;2;2;2;2;2;2;2;3;3;3;2;2;2;2;2;2;2;2;3;3;3;3;3;3;3;3;3;;0.92114;89.02;2.417;0.5612;23.22%;45%;;60;27
WoodUHD5_0_5;3;2;3;2;2;2;2;2;2;2;1;2;3;3;2;3;1;2;1;2;2;1;1;1;2;2;2;1;1;2;2;1;1;1;2;2;2;2;2;2;2;2;3;2;2;2;2;1;2;2;1;2;3;3;2;2;2;2;2;2;;0.89833;85.95;1.917;0.5907;30.82%;13%;;60;8
WoodUHD5_0_75;2;3;2;2;2;3;2;2;2;1;1;2;2;2;2;2;1;1;1;2;2;1;2;1;1;1;2;1;1;2;1;1;2;1;1;1;2;1;2;2;2;2;2;2;2;1;1;1;2;2;1;2;2;2;2;2;1;1;2;2;;0.85892;80.67;1.65;0.5469;33.15%;3%;;60;2
WoodUHD5_1;2;2;2;2;2;1;1;1;1;2;2;2;2;1;2;2;2;2;1;2;1;1;1;1;1;1;1;1;2;2;1;1;1;1;1;1;1;1;2;2;2;2;2;2;2;2;2;2;2;2;2;2;2;1;2;2;2;1;1;2;;0.81596;73.58;1.583;0.4972;31.40%;0%;;60;0
Wood FHD 10 Mbit/H265 (HEVC);;;;;;;;;;;;;;;;;;;;;;;;;;;;;;;;;;;;;;;;;;;;;;;;;;;;;;;;;;;;;;;;;;;;;;
WoodXFHD10_0_1;2;2;2;3;2;2;2;1;2;1;2;2;2;2;2;2;2;2;2;2;2;2;2;1;2;2;2;2;2;2;1;1;2;2;2;2;2;2;3;1;2;2;2;2;2;2;2;2;2;2;3;2;2;1;2;2;2;2;2;2;;0.91224;87.61;1.933;0.4062;21.01%;5%;;60;3
WoodXFHD10_0_2;1;2;2;2;2;2;2;2;2;2;2;2;2;2;2;2;2;2;2;1;2;1;1;1;2;1;2;2;2;1;1;2;2;2;2;2;2;2;2;2;2;2;2;2;2;2;2;2;2;1;2;1;1;1;2;1;2;2;2;1;;0.86164;37.95;1.767;0.4265;24.14%;0%;;60;0
WoodXFHD10_0_3;1;1;2;1;1;2;2;1;1;1;1;2;1;1;2;1;2;2;2;1;1;1;2;2;2;2;1;1;2;1;1;1;2;1;1;2;2;1;1;1;1;2;1;1;2;1;2;2;2;1;2;1;1;2;1;2;2;2;2;2;;0.83038;36.04;1.467;0.5031;34.30%;0%;;60;0
WoodXFHD10_0_5;2;1;1;1;1;2;1;1;1;1;1;1;2;2;2;1;1;1;1;1;1;1;1;1;1;1;2;1;1;1;2;1;1;1;1;2;1;1;1;1;1;1;2;2;2;1;1;1;1;1;1;1;1;1;1;1;2;1;1;1;;0.74212;27.28;1.2;0.4034;33.61%;0%;;60;0
WoodXFHD10_0_75;1;1;1;1;2;2;1;1;1;1;1;1;1;1;2;1;1;1;1;1;1;1;1;1;1;1;1;1;1;1;1;1;1;1;2;2;1;1;1;1;1;1;1;2;2;1;1;1;1;1;1;1;1;2;1;1;1;1;1;1;;0.64277;25.7;1.133;0.3428;30.25%;0%;;60;0
WoodXFHD10_1;1;1;1;1;2;1;1;1;1;1;1;1;1;1;1;1;2;1;1;1;1;1;1;1;1;2;1;1;1;1;1;1;1;1;2;1;1;1;1;1;1;1;1;2;1;1;1;1;1;1;1;1;1;1;1;1;1;1;1;1;;0.58414;20.34;1.083;0.2787;25.73%;0%;;60;0
Wood FHD 15 Mbit/H265 (HEVC);;;;;;;;;;;;;;;;;;;;;;;;;;;;;;;;;;;;;;;;;;;;;;;;;;;;;;;;;;;;;;;;;;;;;;
WoodXFHD15_0_1;1;1;2;2;3;2;1;1;2;3;2;2;1;2;2;2;2;2;2;2;1;2;2;1;2;2;2;2;2;2;1;1;2;2;2;2;2;2;2;2;2;2;2;2;2;2;2;2;2;1;1;1;2;1;2;2;2;2;2;2;;0.85347;78.55;1.817;0.4691;25.82%;3%;;60;2
WoodXFHD15_0_2;2;2;1;1;2;2;2;1;2;3;2;2;2;2;2;1;2;2;2;2;1;1;2;2;2;2;2;2;2;2;1;2;2;1;2;3;1;2;2;2;2;2;1;2;2;2;2;2;2;2;1;2;2;2;3;2;2;2;2;2;;0.84003;78.01;1.867;0.4682;25.08%;5%;;60;3
WoodXFHD15_0_3;1;1;1;1;1;2;2;2;2;2;2;2;2;2;2;1;2;2;1;1;1;1;1;1;1;2;2;1;2;1;1;1;1;1;1;2;2;2;2;2;2;2;2;2;2;1;2;2;1;1;1;1;1;1;1;2;2;1;2;1;;0.77818;67.95;1.5;0.5042;33.61%;0%;;60;0
WoodXFHD15_0_5;2;1;2;1;1;1;1;1;1;2;1;1;1;1;2;2;1;1;1;1;1;1;1;1;1;1;1;2;1;1;2;1;1;1;1;1;1;1;1;1;1;1;1;1;2;2;1;1;1;1;1;1;1;1;1;2;1;1;1;1;;0.63769;21.39;1.167;0.3758;32.21%;0%;;60;0
WoodXFHD15_0_75;2;1;1;1;1;1;1;1;1;2;1;1;1;1;1;1;1;1;1;1;1;1;1;1;1;1;1;1;1;1;2;1;1;1;1;1;1;1;1;2;1;1;1;1;1;1;1;1;1;1;1;1;1;1;1;1;1;1;1;1;;0.58651;16.19;1.067;0.2515;23.58%;0%;;60;0
WoodXFHD15_1;1;1;1;1;1;1;1;1;1;1;1;1;1;1;1;1;1;1;1;1;1;1;1;1;1;1;1;1;1;1;1;1;1;1;1;1;1;1;1;1;1;1;1;1;1;1;1;1;1;1;1;1;1;1;1;1;1;1;1;1;;0.52423;11.96;1;0;0.00%;0%;;60;0
Wood FHD 5 Mbit/H265 (HEVC);;;;;;;;;;;;;;;;;;;;;;;;;;;;;;;;;;;;;;;;;;;;;;;;;;;;;;;;;;;;;;;;;;;;;;
WoodXFHD5_0_1;3;3;3;3;3;3;2;2;2;2;2;2;2;3;3;3;3;3;3;2;2;3;3;3;2;3;3;2;3;3;3;2;3;3;2;3;3;3;3;2;2;2;2;3;3;2;3;3;3;2;2;3;2;2;3;3;3;3;3;3;;0.92978;91.05;2.633;0.486;18.45%;63%;;60;38
WoodXFHD5_0_2;2;3;2;2;2;2;3;3;2;2;2;3;3;3;2;3;3;3;3;2;2;2;2;2;3;2;2;2;3;2;2;2;2;2;2;2;2;2;2;2;2;3;3;3;2;3;3;2;3;3;2;2;2;2;2;3;2;2;2;2;;0.88117;90.36;2.333;0.4754;20.37%;33%;;60;20
WoodXFHD5_0_3;2;2;2;1;1;2;2;1;2;2;2;2;2;2;2;2;2;2;2;2;2;1;1;2;1;2;2;2;2;2;2;2;2;2;2;2;2;2;2;2;2;2;2;1;2;2;2;2;2;2;1;1;1;2;2;2;2;2;2;2;;0.88579;74.89;1.833;0.3758;20.50%;0%;;60;0
WoodXFHD5_0_5;1;1;2;2;1;2;2;2;1;2;1;1;2;1;1;2;2;2;2;1;1;2;1;1;2;2;2;2;1;1;1;1;1;2;2;2;2;2;1;2;1;2;2;2;1;2;2;2;2;1;1;2;2;1;1;1;1;2;2;1;;0.81189;62.57;1.55;0.5017;32.37%;0%;;60;0
WoodXFHD5_0_75;1;1;1;1;2;1;1;1;1;2;1;1;1;1;1;2;1;1;1;1;1;1;1;1;2;1;1;1;1;1;1;1;1;1;2;1;1;1;1;2;1;1;1;1;1;1;2;1;1;1;1;1;1;1;2;1;1;1;1;1;;0.70928;40.79;1.133;0.3428;30.25%;0%;;60;0
WoodXFHD5_1;1;1;1;1;1;1;1;1;1;2;1;1;1;2;1;1;1;1;1;1;1;1;1;1;1;1;1;1;1;1;1;1;1;1;1;1;1;1;1;2;1;1;1;2;1;1;1;1;1;1;1;1;1;1;1;1;1;1;1;1;;0.63819;36.03;1.067;0.2515;23.58%;0%;;60;0
Wood HD 10 Mbit/H265 (HEVC);;;;;;;;;;;;;;;;;;;;;;;;;;;;;;;;;;;;;;;;;;;;;;;;;;;;;;;;;;;;;;;;;;;;;;
WoodXHD10_0_1;2;2;2;3;2;2;3;3;2;3;2;2;2;1;1;2;1;2;2;2;2;2;3;2;2;2;2;2;2;3;2;2;2;2;2;2;2;2;2;2;2;2;2;2;2;2;3;3;2;2;2;2;2;2;2;2;2;2;2;2;;0.92668;89.56;2.083;0.4235;20.33%;13%;;60;8
WoodXHD10_0_2;2;3;2;2;2;1;2;3;2;2;1;2;3;2;3;1;2;2;1;2;2;3;2;2;2;2;1;3;2;2;2;2;2;2;2;2;2;2;2;2;2;3;2;2;2;2;2;2;2;2;2;2;3;2;2;2;2;2;1;2;;0.78855;79.82;2.033;0.486;23.90%;13%;;60;8
WoodXHD10_0_3   ;2;2;2;2;2;1;2;2;3;1;2;2;1;1;1;1;2;1;3;1;2;1;3;2;1;1;1;1;2;2;2;1;3;2;1;1;1;1;2;2;2;2;2;2;2;1;2;2;3;1;2;2;1;1;1;1;2;1;2;2;;0.70032;39.29;1.667;0.6289;37.73%;8%;;60;5
WoodXHD10_0_5;2;2;1;2;2;2;1;2;2;2;1;1;2;1;1;1;1;1;2;2;1;2;2;1;2;1;1;1;1;2;1;2;2;1;2;1;1;1;1;2;2;2;1;2;2;2;1;2;2;2;1;1;2;1;1;1;1;1;2;2;;0.62459;30.42;1.5;0.5042;33.61%;0%;;60;0
WoodXHD10_0_75  ;1;1;1;1;1;1;1;1;1;1;1;1;1;1;1;1;1;1;1;1;1;1;1;1;1;1;1;1;1;1;1;1;1;1;1;1;1;1;1;1;1;1;1;1;1;1;1;1;1;2;1;1;1;1;2;1;1;2;1;1;;0.39493;24.58;1.5;0.2198;20.93%;0%;;60;0
WoodXHD10_1;1;1;1;1;1;1;1;1;1;1;1;1;1;2;1;1;1;1;1;1;1;1;1;1;1;1;1;1;1;1;1;1;1;2;1;1;1;1;1;1;1;1;1;1;1;1;1;1;1;1;1;1;1;2;1;1;1;1;1;1;;0.33301;18.32;1.5;0.2198;20.93%;0%;;60;0
Wood HD 15 Mbit/H265 (HEVC);;;;;;;;;;;;;;;;;;;;;;;;;;;;;;;;;;;;;;;;;;;;;;;;;;;;;;;;;;;;;;;;;;;;;;
WoodXHD15_0_1 ;2;2;2;2;3;3;3;3;3;3;3;2;2;1;3;2;2;3;2;2;2;2;2;3;2;3;2;2;1;1;1;2;2;2;2;3;2;2;2;2;2;2;2;2;3;3;3;3;3;3;3;2;2;2;3;2;2;3;2;2;;0.90735;84.11;2.283;0.5849;25.62%;35%;;60;21
WoodXHD15_0_2;2;3;2;3;1;1;2;2;2;2;2;2;2;1;3;2;2;2;2;3;2;1;2;3;2;3;2;1;2;2;2;2;2;2;2;3;2;1;2;2;2;3;2;2;2;2;2;2;2;2;2;2;2;2;3;2;2;2;2;3;;0.8055;69.1;2.067;0.5164;24.99%;17%;;60;10
WoodXHD15_0_3;2;2;2;2;2;1;1;1;1;1;1;1;1;1;1;2;1;2;1;1;1;1;1;1;2;2;1;2;1;2;1;1;1;1;2;2;1;2;1;2;2;2;2;2;2;1;1;1;1;1;1;1;1;1;1;2;1;2;1;1;;0.56544;39.08;1.367;0.486;35.56%;0%;;60;0
WoodXHD15_0_5;1;1;1;2;1;1;1;1;1;1;1;2;1;1;1;1;2;2;1;1;1;1;1;1;2;2;1;2;1;1;1;1;1;1;2;2;1;2;1;1;1;1;1;2;1;1;1;1;1;1;1;2;1;1;1;1;2;2;1;1;;0.4768;30.34;1.233;0.4265;34.58%;0%;;60;0
WoodXHD15_0_75;1;1;1;1;1;1;1;1;2;1;1;1;1;1;1;1;1;1;1;1;1;1;1;1;1;1;1;1;2;1;1;1;2;1;1;1;1;1;1;1;1;1;1;1;1;1;1;1;1;1;1;1;1;1;2;1;1;1;1;1;;0.37591;23.55;1.067;0.2515;23.58%;0%;;60;0
WoodXHD15_1;1;1;1;1;1;1;1;1;1;1;1;1;1;1;1;1;1;1;1;1;1;1;1;1;1;1;1;1;1;1;1;1;1;1;1;1;1;1;1;1;1;1;1;1;1;1;1;1;1;1;1;1;1;1;1;1;1;1;1;1;;0.31447;18.19;1;0;0.00%;0%;;60;0
Wood HD 5 Mbit/H265 (HEVC);;;;;;;;;;;;;;;;;;;;;;;;;;;;;;;;;;;;;;;;;;;;;;;;;;;;;;;;;;;;;;;;;;;;;;
WoodXHD5_0_1;3;2;2;3;2;2;2;2;3;2;2;2;3;1;2;1;1;2;2;3;2;2;2;2;3;3;3;3;3;3;3;3;3;2;2;2;3;3;2;3;3;2;2;3;2;2;2;2;3;2;2;2;3;2;3;3;2;3;2;3;;0.93915;91.58;2.367;0.5813;24.56%;42%;;60;25
WoodXHD5_0_2        ;2;2;2;2;2;2;2;3;3;3;3;3;3;3;3;2;2;2;2;2;2;1;1;3;3;3;2;2;2;2;2;2;2;3;3;3;2;2;2;2;2;2;2;2;2;2;2;3;3;3;3;3;3;3;3;2;2;2;2;2;;0.92906;90.01;2.333;0.542;23.23%;37%;;60;22
WoodXHD5_0_3;2;3;3;2;2;1;3;3;2;2;1;2;3;3;2;2;3;2;2;2;2;2;2;2;2;2;2;3;3;3;2;2;2;2;2;2;2;3;3;3;2;3;3;2;2;2;2;2;2;2;1;2;3;3;2;2;3;2;2;2;;0.85686;77.61;2.25;0.5407;24.03%;30%;;60;18
WoodXHD5_0_5;2;2;1;1;2;1;2;2;1;2;1;3;2;2;1;1;1;2;2;1;2;1;2;2;1;2;1;2;1;2;2;1;2;2;1;2;1;2;1;2;2;2;1;1;2;1;2;2;1;2;1;2;2;2;1;1;1;2;2;1;;0.73221;65.06;1.583;0.5302;33.48%;2%;;60;1
WoodXHD5_0_75;1;1;1;1;1;1;1;1;1;1;1;2;2;1;2;2;2;1;1;1;2;1;1;2;2;1;1;1;1;1;2;1;1;2;2;1;1;1;1;1;1;1;1;1;1;1;1;1;1;1;1;2;2;1;2;2;2;1;1;1;;0.55534;40.07;1.267;0.4459;35.21%;0%;;60;0
WoodXHD5_1;1;1;1;1;1;1;1;1;1;1;1;1;1;1;1;1;1;1;1;1;1;1;1;1;1;1;1;1;1;1;1;1;1;1;1;1;1;1;1;1;1;1;1;1;1;1;1;1;1;1;1;1;1;1;1;1;1;1;1;1;;0.34578;20.7;1;0;0.00%;0%;;60;0
Wood UHD 10 Mbit/H265 (HEVC);;;;;;;;;;;;;;;;;;;;;;;;;;;;;;;;;;;;;;;;;;;;;;;;;;;;;;;;;;;;;;;;;;;;;;
WoodXUHD10_0_1   ;2;2;3;3;3;3;3;3;3;2;3;2;2;2;2;3;2;3;3;2;2;2;2;2;2;3;3;3;3;3;2;2;2;2;2;3;2;2;2;2;2;2;2;2;3;3;2;3;3;2;3;3;3;3;2;3;2;3;3;2;;0.89777;89.07;2.467;0.5031;20.40%;47%;;60;28
WoodXUHD10_0_2;3;1;2;2;3;3;2;3;3;3;2;3;3;3;2;2;2;3;3;2;2;2;2;2;3;3;2;2;2;2;2;2;2;2;3;3;3;3;3;3;2;2;2;3;3;3;3;3;3;3;2;2;2;2;2;2;2;3;3;2;;0.89419;88.46;2.45;0.5344;21.81%;47%;;60;28
WoodXUHD10_0_3 ;1;1;1;1;3;3;2;3;3;1;3;2;2;2;1;2;2;3;2;2;1;1;2;2;2;1;2;2;2;2;1;1;2;2;2;1;2;1;2;2;1;2;2;1;3;3;2;3;2;2;2;2;2;2;2;2;2;2;2;2;;0.84844;82.67;1.9;0.6298;33.15%;15%;;60;9
WoodXUHD10_0_5;2;2;2;1;2;2;1;1;1;2;1;2;1;1;2;2;2;2;2;1;1;1;2;1;1;1;2;1;1;1;1;1;2;1;1;1;2;1;1;1;2;2;2;1;2;2;1;1;1;2;1;2;1;1;2;2;2;2;2;1;;0.75182;72.24;1.467;0.5031;34.30%;0%;;60;0
WoodXUHD10_0_75;1;1;1;1;1;1;1;1;1;1;1;1;1;1;1;2;1;1;1;1;1;1;1;1;1;1;1;1;1;1;1;1;1;1;1;2;1;1;1;1;1;1;1;1;1;1;1;1;1;1;1;1;1;1;1;1;1;2;1;1;;0.62396;59;1.5;0.2198;20.93%;0%;;60;0
WoodXUHD10_1;1;1;1;1;1;1;1;1;1;1;1;1;1;1;1;1;1;1;2;1;1;1;1;1;1;1;1;1;1;1;1;1;1;1;1;1;1;1;2;1;1;1;1;1;1;1;1;1;1;1;1;1;1;1;1;1;1;1;1;1;;0.59166;55.35;1.033;0.181;17.52%;0%;;60;0
Wood UHD 15 Mbit/H265 (HEVC);;;;;;;;;;;;;;;;;;;;;;;;;;;;;;;;;;;;;;;;;;;;;;;;;;;;;;;;;;;;;;;;;;;;;;
WoodXUHD15_0_1;3;2;2;2;2;2;2;2;2;3;2;2;3;2;3;3;3;3;3;3;3;3;3;2;3;2;2;2;3;2;3;3;3;2;3;2;2;2;3;2;3;2;2;2;2;2;2;2;2;3;2;2;3;2;3;2;3;3;3;3;;0.83729;85.11;2.45;0.5017;20.48%;45%;;60;27
WoodXUHD15_0_2;2;3;2;2;3;3;2;2;2;2;2;2;2;2;2;1;2;2;2;3;2;2;2;2;3;2;2;3;3;2;2;2;2;2;3;2;2;3;3;2;2;3;2;2;3;3;2;2;2;2;2;2;2;2;2;2;2;2;2;3;;0.76016;77.58;2.217;0.4544;20.50%;23%;;60;14
WoodXUHD15_0_3;2;2;2;2;2;2;2;2;2;2;2;2;1;2;2;2;2;1;1;2;1;1;2;1;2;2;1;3;2;2;1;1;2;1;2;2;2;2;2;2;2;2;2;2;2;2;2;2;2;2;2;2;1;2;2;2;2;1;1;2;;0.71494;53.08;1.8;0.4434;24.63%;2%;;60;1
WoodXUHD15_0_5;2;1;1;1;1;1;1;1;1;1;1;2;1;2;1;2;2;1;1;1;1;1;1;1;1;1;1;1;1;2;1;1;1;1;1;1;1;1;1;2;2;1;1;1;1;1;1;1;1;1;1;2;1;2;1;2;2;1;1;1;;0.47204;34.33;1.2;0.4034;33.61%;0%;;60;0
WoodXUHD15_0_75;1;1;1;1;1;1;1;1;1;1;1;1;1;1;1;1;1;1;1;1;1;1;1;1;1;1;1;1;1;1;1;1;1;1;1;1;1;1;1;1;1;1;1;2;1;1;1;1;1;2;1;1;1;1;1;1;1;1;1;1;;0.42121;34.33;1.033;0.181;17.52%;0%;;60;0
WoodXUHD15_1;1;1;2;1;1;1;1;1;1;1;1;1;1;1;1;1;1;1;1;1;1;1;2;1;1;1;1;1;1;1;1;1;1;1;1;1;1;1;1;1;1;1;1;1;1;1;1;1;1;1;1;1;1;1;1;1;1;1;1;1;;0.36162;26.47;1.033;0.181;17.52%;0%;;60;0
Wood UHD 5 Mbit/H265 (HEVC);;;;;;;;;;;;;;;;;;;;;;;;;;;;;;;;;;;;;;;;;;;;;;;;;;;;;;;;;;;;;;;;;;;;;;
WoodXUHD5_0_1;4;3;3;3;3;3;2;2;2;2;3;3;3;3;3;3;2;2;2;3;4;4;3;2;3;3;2;3;3;3;3;3;3;3;3;3;3;3;3;3;3;3;3;3;3;3;3;3;2;2;3;3;3;3;3;3;2;2;2;3;;0.91172;89.97;2.817;0.5039;17.89%;77%;;60;46
WoodXUHD5_0_2;3;2;2;2;3;2;3;3;3;3;2;2;3;3;2;3;2;3;2;2;3;2;3;2;2;2;2;3;2;3;3;2;3;2;2;2;2;3;2;3;3;2;2;2;3;2;3;3;3;3;2;2;3;3;2;3;2;3;2;2;;0.90998;89.8;2.467;0.5031;20.40%;47%;;60;28
WoodXUHD5_0_3;2;3;3;3;2;2;2;3;2;3;2;2;3;2;2;1;1;2;3;3;2;3;3;2;2;3;2;3;2;3;2;3;3;2;2;3;2;3;2;3;2;3;3;3;2;2;2;3;2;2;2;2;3;2;2;2;2;2;2;3;;0.86665;85.03;2.367;0.5513;23.30%;40%;;60;24
WoodXUHD5_0_5;2;3;2;2;2;2;2;2;2;2;2;3;2;2;2;3;1;2;2;3;2;2;2;2;2;2;2;2;2;1;2;2;2;2;3;2;2;2;2;1;2;2;2;2;2;2;2;2;2;2;2;3;2;2;2;2;2;2;2;2;;0.72004;71.95;2.5;0.3873;18.89%;10%;;60;6
WoodXUHD5_0_75 ;1;2;2;2;1;2;1;1;2;2;2;2;1;1;2;2;1;1;2;2;2;2;2;2;3;2;1;3;1;1;2;2;2;2;2;2;2;1;1;1;1;2;2;2;1;2;1;1;2;2;2;2;1;1;2;2;1;1;2;2;;0.65369;63.59;1.667;0.542;32.52%;3%;;60;2
WoodXUHD5_1;1;1;1;1;1;1;1;1;1;1;1;2;1;1;1;1;2;2;1;1;1;1;1;1;1;1;1;2;1;1;1;1;1;1;1;1;1;2;1;1;1;1;1;1;1;1;1;1;1;1;1;1;2;1;1;1;1;1;1;1;;0.63888;59.72;1.1;0.3025;27.50%;0%;;60;0
